Customer_ID,recency,frequency,monetary,r_score,f_score,m_score,rf_score,segment
14095,724,1,2.95,1,1,1,11,Hibernating
16738,299,1,3.75,2,1,1,21,Hibernating
13788,507,1,3.75,1,1,1,11,Hibernating
14792,65,1,6.2,3,2,1,32,About_to_Sleep
15913,536,1,6.3,1,1,1,11,Hibernating
15040,543,1,7.49,1,1,1,11,Hibernating
18115,699,1,9.7,1,1,1,11,Hibernating
17378,376,1,10.95,2,1,1,21,Hibernating
17956,251,1,12.75,2,1,1,21,Hibernating
16878,86,1,13.3,3,2,1,32,About_to_Sleep
14900,524,1,13.92,1,1,1,11,Hibernating
14580,520,1,14.85,1,1,1,11,Hibernating
12846,684,1,15.58,1,1,1,11,Hibernating
16093,108,1,17.0,3,2,1,32,About_to_Sleep
13163,612,1,17.65,1,1,1,11,Hibernating
15999,737,1,20.4,1,1,1,11,Hibernating
13112,543,1,20.6,1,1,1,11,Hibernating
16953,32,1,20.8,4,2,1,42,Potential_Loyalists
17986,58,1,20.8,4,2,1,42,Potential_Loyalists
12606,684,1,21.0,1,1,1,11,Hibernating
16537,643,1,23.35,1,1,1,11,Hibernating
14610,397,2,24.35,2,2,1,22,Hibernating
15284,502,1,24.75,1,1,1,11,Hibernating
17102,263,1,25.5,2,1,1,21,Hibernating
17319,671,1,29.1,1,1,1,11,Hibernating
15657,24,1,30.0,4,2,1,42,Potential_Loyalists
15575,621,1,30.1,1,1,1,11,Hibernating
16548,601,1,30.15,1,1,1,11,Hibernating
14144,488,1,30.6,1,1,1,11,Hibernating
13120,240,1,30.6,2,1,1,21,Hibernating
16454,46,4,30.95,4,3,1,43,Potential_Loyalists
17129,522,1,31.85,1,1,1,11,Hibernating
14977,727,1,31.93,1,1,1,11,Hibernating
16941,613,1,33.0,1,1,1,11,Hibernating
15871,439,1,33.1,1,1,1,11,Hibernating
15744,79,1,34.8,3,2,1,32,About_to_Sleep
17533,436,1,34.8,1,1,1,11,Hibernating
17831,35,1,35.4,4,2,1,42,Potential_Loyalists
16417,494,1,35.7,1,1,1,11,Hibernating
15940,313,1,35.8,2,1,1,21,Hibernating
14993,565,1,36.13,1,1,1,11,Hibernating
17352,698,1,36.25,1,1,1,11,Hibernating
16162,254,1,37.4,2,1,1,21,Hibernating
15693,661,1,37.5,1,1,1,11,Hibernating
15455,599,1,38.25,1,1,1,11,Hibernating
18019,53,1,38.45,4,1,1,41,Promising
17246,548,2,38.92,1,2,1,12,Hibernating
16659,191,1,39.12,2,2,1,22,Hibernating
14086,464,1,39.95,1,1,1,11,Hibernating
15178,262,1,40.5,2,1,1,21,Hibernating
14266,430,1,40.56,1,1,1,11,Hibernating
16219,502,1,40.8,1,1,1,11,Hibernating
13906,411,1,42.0,2,1,1,21,Hibernating
13913,508,1,42.22,1,1,1,11,Hibernating
14300,20,1,43.2,5,2,1,52,Potential_Loyalists
17916,630,2,43.87,1,2,1,12,Hibernating
15672,727,1,45.3,1,1,1,11,Hibernating
15698,626,1,46.2,1,1,1,11,Hibernating
13438,549,1,46.5,1,1,1,11,Hibernating
16257,178,1,46.95,3,2,1,32,About_to_Sleep
16530,670,1,48.35,1,1,1,11,Hibernating
14380,684,1,48.96,1,1,1,11,Hibernating
18184,17,1,49.8,5,2,1,52,Potential_Loyalists
14743,594,1,50.48,1,1,1,11,Hibernating
14351,166,1,51.0,3,2,1,32,About_to_Sleep
13254,378,1,51.41,2,1,1,21,Hibernating
17844,108,1,51.56,3,2,1,32,About_to_Sleep
16786,395,1,51.84,2,1,1,21,Hibernating
15313,112,1,52.0,3,2,1,32,About_to_Sleep
17599,479,1,52.05,1,1,1,11,Hibernating
16349,292,1,53.5,2,1,1,21,Hibernating
13306,432,1,53.65,1,1,1,11,Hibernating
12496,622,2,54.09,1,2,1,12,Hibernating
17494,503,1,54.7,1,1,1,11,Hibernating
12860,695,1,55.47,1,1,1,11,Hibernating
12776,669,1,55.5,1,1,1,11,Hibernating
15685,452,1,55.98,1,1,1,11,Hibernating
13366,52,1,56.16,4,1,1,41,Promising
17775,256,1,56.4,2,1,1,21,Hibernating
12466,684,1,56.73,1,1,1,11,Hibernating
14384,502,1,58.5,1,1,1,11,Hibernating
15371,664,1,59.4,1,1,1,11,Hibernating
15233,403,1,59.4,2,1,1,21,Hibernating
13682,189,1,59.5,3,2,1,32,About_to_Sleep
13391,205,1,59.8,2,2,1,22,Hibernating
17174,219,1,59.9,2,2,1,22,Hibernating
15250,642,1,60.0,1,1,1,11,Hibernating
16605,726,1,60.48,1,1,1,11,Hibernating
15375,692,1,60.96,1,1,1,11,Hibernating
13818,431,1,61.28,1,1,1,11,Hibernating
13303,402,1,61.72,2,1,1,21,Hibernating
13380,434,1,62.4,1,1,1,11,Hibernating
15516,46,3,62.43,4,3,1,43,Potential_Loyalists
14650,591,1,62.5,1,1,1,11,Hibernating
13218,129,1,62.64,3,2,1,32,About_to_Sleep
16058,408,1,62.7,2,1,1,21,Hibernating
12404,684,1,63.24,1,1,1,11,Hibernating
15470,577,1,63.42,1,1,1,11,Hibernating
17263,210,1,63.44,2,2,1,22,Hibernating
16238,424,1,63.66,1,1,1,11,Hibernating
13130,96,1,64.0,3,2,1,32,About_to_Sleep
17216,556,1,65.05,1,1,1,11,Hibernating
13022,431,1,65.3,1,1,1,11,Hibernating
17532,387,1,65.34,2,1,1,21,Hibernating
14393,220,1,67.95,2,2,1,22,Hibernating
17249,430,1,68.03,1,1,1,11,Hibernating
12861,621,1,68.25,1,1,1,11,Hibernating
14906,447,1,68.44,1,1,1,11,Hibernating
13172,402,1,69.6,2,1,1,21,Hibernating
12568,646,1,70.0,1,1,1,11,Hibernating
15564,465,2,70.74,1,2,1,12,Hibernating
13915,396,1,70.8,2,1,1,21,Hibernating
14576,374,1,70.8,2,1,1,21,Hibernating
16970,628,1,71.4,1,1,1,11,Hibernating
13185,269,1,71.4,2,1,1,21,Hibernating
17747,114,1,71.4,3,2,1,32,About_to_Sleep
13938,37,1,71.66,4,1,1,41,Promising
16459,731,1,71.79,1,1,1,11,Hibernating
13105,438,1,72.0,1,1,1,11,Hibernating
17906,249,1,72.9,2,2,1,22,Hibernating
16171,61,1,73.2,3,2,1,32,About_to_Sleep
12506,234,1,73.5,2,1,1,21,Hibernating
18032,336,1,73.5,2,1,1,21,Hibernating
13095,72,1,74.4,3,2,1,32,About_to_Sleep
16420,398,1,75.0,2,1,1,21,Hibernating
17944,425,1,75.41,1,1,1,11,Hibernating
14559,392,1,75.6,2,1,1,21,Hibernating
16610,221,1,75.66,2,2,1,22,Hibernating
17628,83,1,75.75,3,2,1,32,About_to_Sleep
13219,620,1,76.23,1,1,1,11,Hibernating
14613,682,1,76.32,1,1,1,11,Hibernating
14090,326,1,76.32,2,1,1,21,Hibernating
15668,219,1,76.32,2,2,1,22,Hibernating
14373,360,1,76.55,2,1,1,21,Hibernating
16867,691,1,76.74,1,1,1,11,Hibernating
13132,263,1,77.3,2,1,1,21,Hibernating
14785,12,2,77.4,5,3,1,53,Potential_Loyalists
17942,9,1,77.5,5,2,1,52,Potential_Loyalists
12570,684,1,77.52,1,1,1,11,Hibernating
17192,538,1,77.83,1,1,1,11,Hibernating
15753,306,1,79.2,2,1,1,21,Hibernating
14007,514,1,79.48,1,1,1,11,Hibernating
14589,373,1,79.5,2,1,1,21,Hibernating
14190,668,1,79.9,1,1,1,11,Hibernating
16165,507,1,79.9,1,1,1,11,Hibernating
15131,396,1,80.28,2,1,1,21,Hibernating
15833,739,1,80.4,1,1,1,11,Hibernating
17752,361,1,80.64,2,1,1,21,Hibernating
16789,10,1,80.8,5,2,1,52,Potential_Loyalists
17336,474,1,81.12,1,1,1,11,Hibernating
15170,408,1,81.15,2,1,1,21,Hibernating
14717,735,1,81.3,1,1,1,11,Hibernating
17008,431,1,81.36,1,1,1,11,Hibernating
17620,61,1,81.44,3,2,1,32,About_to_Sleep
13006,58,1,81.57,4,2,1,42,Potential_Loyalists
13215,404,1,81.6,2,1,1,21,Hibernating
16028,597,1,82.2,1,1,1,11,Hibernating
13469,655,1,82.4,1,1,1,11,Hibernating
14347,738,1,82.6,1,1,1,11,Hibernating
15094,465,2,83.0,1,2,1,12,Hibernating
12401,305,1,84.3,2,1,1,21,Hibernating
13841,254,1,85.0,2,1,1,21,Hibernating
15541,116,1,85.13,3,2,1,32,About_to_Sleep
13180,609,1,86.1,1,1,1,11,Hibernating
17763,265,4,86.15,2,3,1,23,At_Risk
17606,739,1,87.3,1,1,1,11,Hibernating
16564,571,1,87.8,1,1,1,11,Hibernating
15083,258,1,88.2,2,1,1,21,Hibernating
15603,80,2,88.48,3,2,1,32,About_to_Sleep
13222,579,1,88.5,1,1,1,11,Hibernating
14760,299,1,89.2,2,1,1,21,Hibernating
13535,404,1,89.5,2,1,1,21,Hibernating
16061,433,1,89.65,1,1,1,11,Hibernating
15686,422,1,90.0,1,1,1,11,Hibernating
14117,145,1,90.0,3,2,1,32,About_to_Sleep
16597,6,1,90.04,5,2,1,52,Potential_Loyalists
16506,21,2,90.3,4,3,1,43,Potential_Loyalists
14435,503,1,90.42,1,1,1,11,Hibernating
13947,67,1,90.6,3,2,1,32,About_to_Sleep
14786,552,1,90.96,1,1,1,11,Hibernating
13392,679,1,91.14,1,1,1,11,Hibernating
12659,31,1,91.68,4,2,1,42,Potential_Loyalists
16831,566,1,91.8,1,1,1,11,Hibernating
13160,24,1,91.8,4,2,1,42,Potential_Loyalists
14054,67,1,92.46,3,2,1,32,About_to_Sleep
16196,490,1,93.3,1,1,1,11,Hibernating
12992,727,1,93.35,1,1,1,11,Hibernating
15082,670,1,93.35,1,1,1,11,Hibernating
15305,557,1,93.6,1,1,1,11,Hibernating
14394,566,1,93.8,1,1,1,11,Hibernating
15397,291,1,94.0,2,1,1,21,Hibernating
15868,585,1,94.53,1,1,1,11,Hibernating
14833,500,1,94.8,1,1,1,11,Hibernating
15285,409,1,94.92,2,1,1,21,Hibernating
12548,168,1,95.2,3,2,1,32,About_to_Sleep
18249,19,1,95.34,5,2,1,52,Potential_Loyalists
17024,47,3,95.85,4,3,1,43,Potential_Loyalists
13793,648,1,96.0,1,1,1,11,Hibernating
14642,60,1,96.12,4,2,1,42,Potential_Loyalists
12984,20,1,97.5,5,2,1,52,Potential_Loyalists
17395,510,1,97.5,1,1,1,11,Hibernating
18033,67,1,97.97,3,2,1,32,About_to_Sleep
17895,46,1,98.0,4,1,1,41,Promising
16694,725,1,98.3,1,1,1,11,Hibernating
17538,27,1,98.42,4,2,1,42,Potential_Loyalists
12774,537,1,98.7,1,1,1,11,Hibernating
17939,161,1,99.14,3,2,1,32,About_to_Sleep
17570,383,1,100.0,2,1,1,21,Hibernating
15635,397,1,100.35,2,1,1,21,Hibernating
14371,297,1,100.5,2,1,1,21,Hibernating
17427,73,1,100.8,3,2,1,32,About_to_Sleep
17224,503,1,100.86,1,1,1,11,Hibernating
14946,16,1,100.9,5,2,1,52,Potential_Loyalists
17493,387,1,100.91,2,1,1,21,Hibernating
16498,163,2,100.97,3,2,1,32,About_to_Sleep
13011,374,1,101.1,2,1,1,21,Hibernating
17741,408,2,101.1,2,2,1,22,Hibernating
18195,389,1,101.16,2,1,1,21,Hibernating
18086,276,1,101.34,2,1,1,21,Hibernating
16944,611,1,101.36,1,1,1,11,Hibernating
18068,291,1,101.7,2,1,1,21,Hibernating
16516,32,1,101.7,4,2,1,42,Potential_Loyalists
15486,529,1,102.0,1,1,1,11,Hibernating
13829,423,1,102.0,1,1,1,11,Hibernating
14836,12,3,102.45,5,3,1,53,Potential_Loyalists
17467,397,1,102.6,2,1,1,21,Hibernating
15924,733,1,102.82,1,1,1,11,Hibernating
14542,187,1,103.25,3,2,1,32,About_to_Sleep
16896,557,1,103.95,1,1,1,11,Hibernating
16375,472,2,104.0,1,2,1,12,Hibernating
17328,675,1,104.7,1,1,1,11,Hibernating
14027,62,1,104.82,3,2,1,32,About_to_Sleep
15340,563,1,105.5,1,1,1,11,Hibernating
14579,434,1,105.56,1,1,1,11,Hibernating
15642,731,1,105.78,1,1,1,11,Hibernating
18103,551,1,105.8,1,1,1,11,Hibernating
16581,184,1,105.84,3,2,1,32,About_to_Sleep
17791,31,1,106.1,4,2,1,42,Potential_Loyalists
15168,27,1,106.56,4,2,1,42,Potential_Loyalists
14637,679,1,106.68,1,1,1,11,Hibernating
16082,672,1,106.75,1,1,1,11,Hibernating
16630,409,1,106.8,2,1,1,21,Hibernating
15846,387,1,107.01,2,1,1,21,Hibernating
16047,684,1,107.14,1,1,1,11,Hibernating
15328,409,1,107.24,2,1,1,21,Hibernating
16301,738,1,107.33,1,1,1,11,Hibernating
15395,327,1,107.45,2,1,1,21,Hibernating
14943,665,1,107.62,1,1,1,11,Hibernating
13580,408,1,107.75,2,1,1,21,Hibernating
15583,378,1,107.86,2,1,1,21,Hibernating
14661,28,1,107.95,4,2,1,42,Potential_Loyalists
14374,543,1,108.0,1,1,1,11,Hibernating
16106,67,1,108.38,3,2,1,32,About_to_Sleep
14345,40,1,108.98,4,1,1,41,Promising
16664,571,1,109.2,1,1,1,11,Hibernating
16363,55,1,109.36,4,1,1,41,Promising
14033,557,1,109.44,1,1,1,11,Hibernating
15851,528,1,109.73,1,1,1,11,Hibernating
16339,286,1,109.95,2,1,1,21,Hibernating
17836,49,1,110.21,4,1,1,41,Promising
14641,23,1,110.46,4,2,1,42,Potential_Loyalists
16963,189,1,110.55,3,2,1,32,About_to_Sleep
14787,473,1,110.65,1,1,1,11,Hibernating
18256,389,1,110.7,2,1,1,21,Hibernating
15853,53,1,110.8,4,1,1,41,Promising
15537,165,1,110.92,3,2,1,32,About_to_Sleep
14509,536,1,110.95,1,1,1,11,Hibernating
12692,639,1,110.95,1,1,1,11,Hibernating
14464,570,2,111.0,1,2,1,12,Hibernating
16064,727,1,111.0,1,1,1,11,Hibernating
18120,216,1,111.15,2,2,1,22,Hibernating
17887,131,1,111.35,3,2,1,32,About_to_Sleep
17304,536,1,111.5,1,1,1,11,Hibernating
18124,474,1,111.53,1,1,1,11,Hibernating
14668,447,1,111.63,1,1,1,11,Hibernating
17957,68,1,111.68,3,2,1,32,About_to_Sleep
16547,548,1,111.71,1,1,1,11,Hibernating
15875,648,1,111.72,1,1,1,11,Hibernating
14750,738,1,112.03,1,1,1,11,Hibernating
12756,88,1,112.08,3,2,1,32,About_to_Sleep
17900,192,2,112.2,2,2,1,22,Hibernating
17893,227,1,112.25,2,2,1,22,Hibernating
17816,38,6,112.32,4,4,1,44,Loyal_Customers
13620,530,1,112.34,1,1,1,11,Hibernating
15610,53,1,112.46,4,1,1,41,Promising
15899,370,1,112.5,2,1,1,21,Hibernating
18129,245,1,112.55,2,1,1,21,Hibernating
16697,243,1,112.75,2,1,1,21,Hibernating
14689,210,1,112.8,2,2,1,22,Hibernating
17784,552,1,112.86,1,1,1,11,Hibernating
16821,383,1,113.35,2,1,1,21,Hibernating
18105,39,1,113.48,4,1,1,41,Promising
14457,312,1,113.64,2,1,1,21,Hibernating
18148,648,1,114.1,1,1,1,11,Hibernating
14582,42,1,114.11,4,1,1,41,Promising
12938,27,1,114.14,4,2,1,42,Potential_Loyalists
14652,79,1,114.18,3,2,1,32,About_to_Sleep
14974,39,1,114.39,4,1,1,41,Promising
17275,385,1,114.52,2,1,1,21,Hibernating
16247,172,1,114.56,3,2,1,32,About_to_Sleep
14632,264,1,114.56,2,1,1,21,Hibernating
13188,13,1,114.6,5,2,1,52,Potential_Loyalists
15905,545,1,114.69,1,1,1,11,Hibernating
17933,634,1,114.69,1,1,1,11,Hibernating
17401,543,1,114.85,1,1,1,11,Hibernating
15352,550,1,114.95,1,1,1,11,Hibernating
18012,725,1,115.3,1,1,1,11,Hibernating
18027,100,1,115.31,3,2,1,32,About_to_Sleep
17208,397,1,115.35,2,1,1,21,Hibernating
13241,413,1,115.58,1,1,1,11,Hibernating
14721,381,1,115.77,2,1,1,21,Hibernating
14143,135,1,115.8,3,2,1,32,About_to_Sleep
13170,28,1,116.01,4,2,1,42,Potential_Loyalists
14874,537,1,116.18,1,1,1,11,Hibernating
17117,290,1,116.2,2,1,1,21,Hibernating
16959,89,1,117.35,3,2,1,32,About_to_Sleep
17654,279,1,117.55,2,1,1,21,Hibernating
16291,684,1,117.72,1,1,1,11,Hibernating
12929,313,1,117.85,2,1,1,21,Hibernating
13193,63,1,117.88,3,2,1,32,About_to_Sleep
14155,268,1,118.75,2,1,1,21,Hibernating
17079,80,1,118.8,3,2,1,32,About_to_Sleep
17280,440,1,118.86,1,1,1,11,Hibernating
15843,305,1,118.95,2,1,1,21,Hibernating
17177,507,1,119.5,1,1,1,11,Hibernating
15161,390,1,119.92,2,1,1,21,Hibernating
14453,192,1,119.93,2,2,1,22,Hibernating
14259,143,1,120.0,3,2,1,32,About_to_Sleep
18015,6,1,120.03,5,2,1,52,Potential_Loyalists
17543,551,1,120.05,1,1,1,11,Hibernating
14884,671,1,120.6,1,1,1,11,Hibernating
17446,178,2,120.9,3,2,1,32,About_to_Sleep
17260,413,1,120.95,1,1,1,11,Hibernating
15049,275,1,121.17,2,1,1,21,Hibernating
13182,47,1,121.18,4,1,1,41,Promising
13244,94,1,121.74,3,2,1,32,About_to_Sleep
16073,299,1,122.4,2,1,1,21,Hibernating
13084,493,1,122.4,1,1,1,11,Hibernating
12969,604,1,122.45,1,1,1,11,Hibernating
14076,131,1,122.47,3,2,1,32,About_to_Sleep
14165,277,1,122.54,2,1,1,21,Hibernating
13638,17,1,122.64,5,2,1,52,Potential_Loyalists
13876,65,1,122.7,3,2,1,32,About_to_Sleep
16068,595,1,122.93,1,1,1,11,Hibernating
15927,649,1,123.39,1,1,1,11,Hibernating
14187,475,1,123.5,1,1,1,11,Hibernating
13968,425,1,123.66,1,1,1,11,Hibernating
15779,465,2,124.08,1,2,1,12,Hibernating
12773,566,1,124.25,1,1,1,11,Hibernating
18000,566,1,124.25,1,1,1,11,Hibernating
17316,422,1,124.45,1,1,1,11,Hibernating
17541,511,1,124.46,1,1,1,11,Hibernating
16849,188,1,124.57,3,2,1,32,About_to_Sleep
13312,453,1,124.75,1,1,1,11,Hibernating
14726,656,1,124.75,1,1,1,11,Hibernating
17148,53,1,124.88,4,1,1,41,Promising
13912,425,1,124.95,1,1,1,11,Hibernating
15731,555,1,125.3,1,1,1,11,Hibernating
15017,35,1,125.58,4,2,1,42,Potential_Loyalists
16925,542,1,125.65,1,1,1,11,Hibernating
13522,32,1,125.8,4,2,1,42,Potential_Loyalists
12814,103,1,125.92,3,2,1,32,About_to_Sleep
17657,432,1,126.0,1,1,1,11,Hibernating
13794,548,1,126.03,1,1,1,11,Hibernating
16294,478,1,126.05,1,1,1,11,Hibernating
15463,31,1,126.14,4,2,1,42,Potential_Loyalists
14751,686,2,126.45,1,2,1,12,Hibernating
16973,388,1,127.0,2,1,1,21,Hibernating
15578,164,1,127.1,3,2,1,32,About_to_Sleep
13053,623,1,127.65,1,1,1,11,Hibernating
16397,630,1,127.88,1,1,1,11,Hibernating
13666,62,5,127.9,3,4,1,34,Loyal_Customers
15892,671,1,128.2,1,1,1,11,Hibernating
16251,514,1,128.31,1,1,1,11,Hibernating
17089,388,1,128.45,2,1,1,21,Hibernating
16828,95,2,128.5,3,2,1,32,About_to_Sleep
17056,740,1,128.6,1,1,1,11,Hibernating
13071,614,1,129.22,1,1,1,11,Hibernating
12555,684,1,129.23,1,1,1,11,Hibernating
14999,594,1,129.48,1,1,1,11,Hibernating
17847,517,2,129.69,1,2,1,12,Hibernating
14865,9,4,129.72,5,4,1,54,Champions
15317,679,1,129.75,1,1,1,11,Hibernating
17762,458,1,129.75,1,1,1,11,Hibernating
16288,472,1,129.85,1,1,1,11,Hibernating
17818,739,1,130.18,1,1,1,11,Hibernating
16410,736,1,130.32,1,1,1,11,Hibernating
17240,598,1,130.6,1,1,1,11,Hibernating
15844,48,1,130.74,4,1,1,41,Promising
16865,403,1,130.95,2,1,1,21,Hibernating
17225,583,1,131.15,1,1,1,11,Hibernating
15409,723,1,131.25,1,1,1,11,Hibernating
14378,623,1,131.25,1,1,1,11,Hibernating
14795,168,1,131.45,3,2,1,32,About_to_Sleep
13586,543,1,131.53,1,1,1,11,Hibernating
17455,205,1,131.7,2,2,1,22,Hibernating
17297,19,1,131.78,5,2,1,52,Potential_Loyalists
17565,588,1,131.83,1,1,1,11,Hibernating
14438,308,1,131.9,2,1,1,21,Hibernating
14444,458,1,132.04,1,1,1,11,Hibernating
12964,439,1,132.24,1,1,1,11,Hibernating
17909,739,1,132.55,1,1,1,11,Hibernating
12467,425,1,132.8,1,1,1,11,Hibernating
17881,306,1,133.35,2,1,1,21,Hibernating
15056,522,1,133.45,1,1,1,11,Hibernating
14349,12,1,133.5,5,2,1,52,Potential_Loyalists
16886,458,1,134.0,1,1,1,11,Hibernating
14280,198,1,134.04,2,2,1,22,Hibernating
16486,539,1,134.36,1,1,1,11,Hibernating
15926,544,1,134.44,1,1,1,11,Hibernating
14174,35,1,134.46,4,2,1,42,Potential_Loyalists
17826,376,1,134.59,2,1,1,21,Hibernating
14340,220,1,134.7,2,2,1,22,Hibernating
16055,222,1,134.8,2,2,1,22,Hibernating
13119,670,1,134.9,1,1,1,11,Hibernating
13364,73,1,134.96,3,2,1,32,About_to_Sleep
17960,173,3,135.08,3,3,1,33,Need_Attention
13702,447,1,135.18,1,1,1,11,Hibernating
13144,334,2,135.35,2,2,1,22,Hibernating
14588,580,1,135.39,1,1,1,11,Hibernating
16665,364,1,135.4,2,1,1,21,Hibernating
13076,459,1,135.4,1,1,1,11,Hibernating
14391,578,1,135.6,1,1,1,11,Hibernating
16114,172,1,135.75,3,2,1,32,About_to_Sleep
15419,26,1,135.86,4,2,1,42,Potential_Loyalists
14889,338,1,135.9,2,1,1,21,Hibernating
12968,114,1,135.95,3,2,1,32,About_to_Sleep
17583,562,1,135.95,1,1,1,11,Hibernating
14366,527,1,136.0,1,1,1,11,Hibernating
16462,75,3,136.0,3,3,1,33,Need_Attention
16876,405,1,136.01,2,1,1,21,Hibernating
17972,243,1,136.04,2,1,1,21,Hibernating
16651,588,1,136.2,1,1,1,11,Hibernating
16289,464,1,136.31,1,1,1,11,Hibernating
16237,439,1,136.65,1,1,1,11,Hibernating
13907,693,1,136.8,1,1,1,11,Hibernating
15836,52,1,137.37,4,1,1,41,Promising
13279,80,1,137.75,3,2,1,32,About_to_Sleep
16396,478,1,137.8,1,1,1,11,Hibernating
12512,68,2,138.03,3,2,1,32,About_to_Sleep
15663,108,1,138.14,3,2,1,32,About_to_Sleep
17982,682,1,138.18,1,1,1,11,Hibernating
13716,271,1,138.28,2,1,1,21,Hibernating
12902,266,1,138.68,2,1,1,21,Hibernating
13273,115,1,138.98,3,2,1,32,About_to_Sleep
18209,30,1,139.1,4,2,1,42,Potential_Loyalists
14707,437,2,139.2,1,2,1,12,Hibernating
14772,114,1,139.26,3,2,1,32,About_to_Sleep
16483,194,1,139.35,2,2,1,22,Hibernating
16840,605,2,139.85,1,2,1,12,Hibernating
15848,623,1,139.94,1,1,1,11,Hibernating
13839,488,1,139.95,1,1,1,11,Hibernating
15324,703,1,140.22,1,1,1,11,Hibernating
13483,67,1,140.34,3,2,1,32,About_to_Sleep
15702,478,2,140.39,1,2,1,12,Hibernating
15388,272,1,140.54,2,1,1,21,Hibernating
14773,594,1,140.55,1,1,1,11,Hibernating
17959,594,1,140.75,1,1,1,11,Hibernating
12636,740,1,141.0,1,1,1,11,Hibernating
17273,426,1,141.12,1,1,1,11,Hibernating
14041,268,1,141.41,2,1,1,21,Hibernating
14386,298,1,142.4,2,1,1,21,Hibernating
15761,444,1,143.05,1,1,1,11,Hibernating
15705,203,1,143.1,2,2,1,22,Hibernating
17149,453,1,143.1,1,1,1,11,Hibernating
14574,734,1,143.7,1,1,1,11,Hibernating
14604,635,1,143.86,1,1,1,11,Hibernating
12387,417,1,143.94,1,1,1,11,Hibernating
12587,9,1,144.0,5,2,1,52,Potential_Loyalists
17186,48,2,144.0,4,2,1,42,Potential_Loyalists
15816,544,2,144.15,1,2,1,12,Hibernating
14109,74,1,144.2,3,2,1,32,About_to_Sleep
17938,422,1,144.29,1,1,1,11,Hibernating
16852,12,2,144.91,5,3,1,53,Potential_Loyalists
15902,382,1,145.01,2,1,1,21,Hibernating
16598,287,1,145.05,2,1,1,21,Hibernating
14972,130,2,145.07,3,2,1,32,About_to_Sleep
17199,584,1,145.12,1,1,1,11,Hibernating
15937,66,1,145.35,3,2,1,32,About_to_Sleep
13866,76,1,145.67,3,2,1,32,About_to_Sleep
12565,290,1,145.92,2,1,1,21,Hibernating
18137,553,2,145.99,1,2,1,12,Hibernating
15496,633,1,146.14,1,1,1,11,Hibernating
14683,590,1,146.56,1,1,1,11,Hibernating
17030,65,1,146.87,3,2,1,32,About_to_Sleep
17794,688,2,147.3,1,2,1,12,Hibernating
14098,38,1,147.35,4,1,1,41,Promising
16724,406,1,147.35,2,1,1,21,Hibernating
15479,735,1,147.4,1,1,1,11,Hibernating
13578,411,1,147.66,2,1,1,21,Hibernating
17859,306,1,148.21,2,1,1,21,Hibernating
13457,690,2,148.22,1,2,1,12,Hibernating
17592,740,1,148.3,1,1,1,11,Hibernating
15283,392,3,148.33,2,3,1,23,At_Risk
15526,35,2,148.44,4,3,1,43,Potential_Loyalists
17549,25,2,148.86,4,3,1,43,Potential_Loyalists
13003,107,3,149.05,3,3,1,33,Need_Attention
15435,24,1,149.29,4,2,1,42,Potential_Loyalists
17390,422,1,149.3,1,1,1,11,Hibernating
18038,558,1,149.41,1,1,1,11,Hibernating
17946,235,2,149.58,2,2,1,22,Hibernating
13257,438,1,149.75,1,1,1,11,Hibernating
17234,184,1,149.89,3,2,1,32,About_to_Sleep
14845,601,1,150.0,1,1,1,11,Hibernating
14084,514,1,150.5,1,1,1,11,Hibernating
15775,247,2,150.5,2,2,1,22,Hibernating
15991,536,1,150.55,1,1,1,11,Hibernating
14980,739,1,150.68,1,1,1,11,Hibernating
12959,486,1,150.95,1,1,1,11,Hibernating
14073,34,1,151.04,4,2,1,42,Potential_Loyalists
16337,38,1,151.05,4,1,1,41,Promising
13697,40,1,151.3,4,1,1,41,Promising
18076,382,1,151.49,2,1,1,21,Hibernating
16617,237,1,151.85,2,1,1,21,Hibernating
13653,489,1,152.2,1,1,1,11,Hibernating
17327,411,2,152.35,2,2,1,22,Hibernating
14066,268,1,152.55,2,1,1,21,Hibernating
18113,370,1,152.64,2,1,1,21,Hibernating
18138,297,1,152.65,2,1,1,21,Hibernating
16507,574,1,152.76,1,1,1,11,Hibernating
16248,63,1,152.94,3,2,1,32,About_to_Sleep
12602,60,1,153.12,4,2,1,42,Potential_Loyalists
15431,504,1,153.24,1,1,1,11,Hibernating
15560,399,2,153.52,2,2,1,22,Hibernating
17517,310,1,153.94,2,1,1,21,Hibernating
13490,656,1,154.25,1,1,1,11,Hibernating
15226,312,1,154.41,2,1,1,21,Hibernating
15740,51,1,154.88,4,1,1,41,Promising
17698,262,1,154.95,2,1,1,21,Hibernating
14046,286,1,154.99,2,1,1,21,Hibernating
14368,321,1,155.0,2,1,1,21,Hibernating
17832,51,1,155.37,4,1,1,41,Promising
17899,161,1,155.8,3,2,1,32,About_to_Sleep
13051,580,2,155.8,1,2,1,12,Hibernating
15263,108,1,156.51,3,2,1,32,About_to_Sleep
15438,133,1,156.58,3,2,1,32,About_to_Sleep
16578,628,1,156.6,1,1,1,11,Hibernating
14406,121,1,156.75,3,2,1,32,About_to_Sleep
13830,583,1,156.85,1,1,1,11,Hibernating
15742,621,1,156.87,1,1,1,11,Hibernating
15007,161,1,156.91,3,2,1,32,About_to_Sleep
17118,319,1,157.02,2,1,1,21,Hibernating
17128,336,1,157.09,2,1,1,21,Hibernating
16371,450,1,157.2,1,1,1,11,Hibernating
12894,577,1,157.35,1,1,1,11,Hibernating
16687,392,1,157.63,2,1,1,21,Hibernating
14822,487,1,157.7,1,1,1,11,Hibernating
14207,689,1,157.8,1,1,1,11,Hibernating
17751,423,1,157.86,1,1,1,11,Hibernating
14318,462,1,158.02,1,1,1,11,Hibernating
15348,74,1,158.04,3,2,1,32,About_to_Sleep
15548,597,1,158.09,1,1,1,11,Hibernating
13125,525,1,158.57,1,1,1,11,Hibernating
18224,265,1,158.95,2,1,1,21,Hibernating
16213,80,1,159.0,3,2,1,32,About_to_Sleep
13302,157,2,159.2,3,2,1,32,About_to_Sleep
13420,151,2,159.85,3,2,1,32,About_to_Sleep
12966,11,1,160.18,5,2,1,52,Potential_Loyalists
18146,142,2,160.35,3,2,1,32,About_to_Sleep
16645,737,1,160.39,1,1,1,11,Hibernating
14814,583,1,160.46,1,1,1,11,Hibernating
15229,588,1,160.5,1,1,1,11,Hibernating
17487,730,1,160.55,1,1,1,11,Hibernating
17202,422,1,160.65,1,1,1,11,Hibernating
17605,592,1,160.75,1,1,1,11,Hibernating
17953,542,1,160.82,1,1,1,11,Hibernating
13229,227,1,160.95,2,2,1,22,Hibernating
14089,58,1,161.0,4,2,1,42,Potential_Loyalists
13701,448,1,161.0,1,1,1,11,Hibernating
13779,517,1,161.13,1,1,1,11,Hibernating
14362,24,1,161.2,4,2,1,42,Potential_Loyalists
13714,467,1,161.35,1,1,1,11,Hibernating
16113,185,1,161.38,3,2,1,32,About_to_Sleep
15499,725,1,161.6,1,1,1,11,Hibernating
14571,427,1,161.65,1,1,1,11,Hibernating
17600,19,1,161.67,5,2,1,52,Potential_Loyalists
17971,550,1,161.94,1,1,1,11,Hibernating
12661,438,1,162.0,1,1,1,11,Hibernating
16443,522,1,162.24,1,1,1,11,Hibernating
15534,727,1,162.25,1,1,1,11,Hibernating
15733,284,1,162.3,2,1,1,21,Hibernating
12954,640,1,162.45,1,1,1,11,Hibernating
18174,9,2,162.5,5,3,1,53,Potential_Loyalists
16517,279,1,162.7,2,1,1,21,Hibernating
15474,597,1,163.1,1,1,1,11,Hibernating
14354,7,2,163.62,5,3,1,53,Potential_Loyalists
14955,734,1,163.77,1,1,1,11,Hibernating
18200,108,1,163.8,3,2,1,32,About_to_Sleep
16662,396,1,163.8,2,1,1,21,Hibernating
14516,518,1,163.92,1,1,1,11,Hibernating
17417,550,1,164.18,1,1,1,11,Hibernating
17318,727,1,164.28,1,1,1,11,Hibernating
13603,28,1,164.34,4,2,1,42,Potential_Loyalists
17535,282,1,164.4,2,1,1,21,Hibernating
15904,10,1,164.68,5,2,1,52,Potential_Loyalists
13191,660,1,164.69,1,1,1,11,Hibernating
15316,328,1,165.0,2,1,1,21,Hibernating
16663,731,1,165.0,1,1,1,11,Hibernating
13470,101,2,165.0,3,3,1,33,Need_Attention
13903,402,1,165.45,2,1,1,21,Hibernating
14485,40,1,165.75,4,1,1,41,Promising
17650,23,1,166.08,4,2,1,42,Potential_Loyalists
13967,147,2,166.3,3,2,1,32,About_to_Sleep
18014,30,1,166.42,4,2,1,42,Potential_Loyalists
15509,382,1,166.51,2,1,1,21,Hibernating
17875,690,1,167.1,1,1,1,11,Hibernating
18107,444,1,167.13,1,1,1,11,Hibernating
15166,469,1,167.16,1,1,1,11,Hibernating
16405,304,2,167.25,2,2,1,22,Hibernating
13609,595,1,167.35,1,1,1,11,Hibernating
17586,621,1,167.4,1,1,1,11,Hibernating
18037,156,15,167.42,3,5,1,35,Loyal_Customers
17559,514,1,167.62,1,1,1,11,Hibernating
18088,63,1,167.67,3,2,1,32,About_to_Sleep
12551,359,1,168.0,2,1,1,21,Hibernating
17737,11,2,168.24,5,3,1,53,Potential_Loyalists
18099,129,1,168.31,3,2,1,32,About_to_Sleep
17367,240,1,168.4,2,1,1,21,Hibernating
14578,5,1,168.63,5,2,1,52,Potential_Loyalists
12768,452,1,168.69,1,1,1,11,Hibernating
12367,6,1,168.9,5,2,1,52,Potential_Loyalists
15647,417,1,169.0,1,1,1,11,Hibernating
16002,627,1,169.21,1,1,1,11,Hibernating
18004,364,1,169.47,2,1,1,21,Hibernating
14218,44,1,169.48,4,1,1,41,Promising
14860,21,1,170.32,5,2,1,52,Potential_Loyalists
17922,545,1,170.4,1,1,1,11,Hibernating
15256,150,2,170.4,3,2,1,32,About_to_Sleep
14811,389,1,170.5,2,1,1,21,Hibernating
15403,493,2,170.88,1,2,1,12,Hibernating
16312,434,1,171.15,1,1,1,11,Hibernating
17575,669,1,171.7,1,1,1,11,Hibernating
17983,397,1,171.71,2,1,1,21,Hibernating
14536,261,1,171.8,2,1,1,21,Hibernating
15515,389,1,171.81,2,1,1,21,Hibernating
12442,5,1,172.06,5,2,1,52,Potential_Loyalists
13690,61,1,172.25,3,2,1,32,About_to_Sleep
13195,416,1,172.38,1,1,1,11,Hibernating
16599,387,1,172.8,2,1,1,21,Hibernating
16741,627,1,173.06,1,1,1,11,Hibernating
15565,52,2,173.16,4,2,1,42,Potential_Loyalists
14674,511,1,173.66,1,1,1,11,Hibernating
15684,549,3,173.95,1,3,1,13,At_Risk
15335,55,1,173.97,4,2,1,42,Potential_Loyalists
16731,650,1,174.05,1,1,1,11,Hibernating
14518,66,1,174.37,3,2,1,32,About_to_Sleep
13560,9,1,174.37,5,2,1,52,Potential_Loyalists
18010,258,1,174.8,2,1,1,21,Hibernating
14495,52,3,174.8,4,3,1,43,Potential_Loyalists
17108,665,1,174.95,1,1,1,11,Hibernating
17331,125,1,175.2,3,2,1,32,About_to_Sleep
16144,248,1,175.2,2,1,1,21,Hibernating
13007,581,1,175.25,1,1,1,11,Hibernating
14486,513,2,175.5,1,2,1,12,Hibernating
18166,625,1,175.5,1,1,1,11,Hibernating
13547,410,1,175.53,2,1,1,21,Hibernating
18274,32,1,175.92,4,2,1,42,Potential_Loyalists
18175,677,1,176.1,1,1,1,11,Hibernating
12509,286,1,176.5,2,1,1,21,Hibernating
18054,394,1,176.5,2,1,1,21,Hibernating
14287,10,3,176.63,5,3,1,53,Potential_Loyalists
17947,39,1,176.68,4,1,1,41,Promising
13746,415,1,176.69,1,1,1,11,Hibernating
16285,648,1,176.9,1,1,1,11,Hibernating
17036,385,1,176.9,2,1,1,21,Hibernating
13072,268,1,177.15,2,1,1,21,Hibernating
12618,23,1,177.31,4,2,1,42,Potential_Loyalists
13618,175,1,177.34,3,2,1,32,About_to_Sleep
16403,314,1,177.5,2,1,1,21,Hibernating
12858,385,1,177.92,2,1,1,21,Hibernating
18282,9,2,178.05,5,3,1,53,Potential_Loyalists
17253,20,1,178.26,5,2,1,52,Potential_Loyalists
12686,373,1,178.28,2,1,1,21,Hibernating
17879,175,1,178.52,3,2,1,32,About_to_Sleep
17170,376,2,178.68,2,2,1,22,Hibernating
16691,420,2,178.83,1,2,1,12,Hibernating
15139,241,2,178.96,2,2,1,22,Hibernating
15209,732,1,178.98,1,1,1,11,Hibernating
14705,200,1,179.0,2,2,1,22,Hibernating
15895,151,1,179.17,3,2,1,32,About_to_Sleep
18147,47,2,179.34,4,2,1,42,Potential_Loyalists
14945,415,1,179.4,1,1,1,11,Hibernating
16640,399,1,179.4,2,1,1,21,Hibernating
18234,553,1,179.6,1,1,1,11,Hibernating
12622,234,1,180.1,2,1,1,21,Hibernating
14858,507,1,180.75,1,1,1,11,Hibernating
15292,203,1,180.94,2,2,1,22,Hibernating
16594,77,1,181.09,3,2,1,32,About_to_Sleep
15359,664,8,181.35,1,4,1,14,At_Risk
16822,688,1,181.39,1,1,1,11,Hibernating
12934,738,1,181.65,1,1,1,11,Hibernating
17587,630,1,181.66,1,1,1,11,Hibernating
14941,580,1,182.1,1,1,1,11,Hibernating
16819,467,2,182.59,1,2,1,12,Hibernating
17798,583,1,183.09,1,1,1,11,Hibernating
14983,691,1,183.2,1,1,1,11,Hibernating
14119,377,2,183.37,2,2,1,22,Hibernating
13460,31,2,183.44,4,3,1,43,Potential_Loyalists
17820,376,1,183.56,2,1,1,21,Hibernating
14059,268,1,183.6,2,1,1,21,Hibernating
17803,394,1,184.66,2,1,1,21,Hibernating
14677,594,1,184.91,1,1,1,11,Hibernating
16097,242,1,185.05,2,1,1,21,Hibernating
14879,686,1,185.06,1,1,1,11,Hibernating
16559,399,1,185.2,2,1,1,21,Hibernating
17574,244,1,185.65,2,1,1,21,Hibernating
17840,445,1,185.72,1,1,1,11,Hibernating
14812,600,1,185.8,1,1,1,11,Hibernating
12641,117,1,185.9,3,2,1,32,About_to_Sleep
15567,20,1,186.01,5,2,1,52,Potential_Loyalists
16388,655,1,186.05,1,1,1,11,Hibernating
17215,466,1,186.15,1,1,1,11,Hibernating
18063,392,2,186.6,2,2,1,22,Hibernating
16267,593,1,186.66,1,1,1,11,Hibernating
18013,157,2,187.29,3,2,1,32,About_to_Sleep
13852,612,1,187.35,1,1,1,11,Hibernating
15072,481,1,187.52,1,1,1,11,Hibernating
17279,59,1,187.83,4,2,1,42,Potential_Loyalists
14131,650,1,187.87,1,1,1,11,Hibernating
17781,161,2,188.02,3,2,1,32,About_to_Sleep
12893,32,1,188.14,4,2,1,42,Potential_Loyalists
13063,482,1,188.4,1,1,1,11,Hibernating
16051,683,1,188.44,1,1,1,11,Hibernating
17283,380,1,188.46,2,1,1,21,Hibernating
14697,220,2,188.61,2,2,1,22,Hibernating
16277,735,1,188.69,1,1,1,11,Hibernating
16673,681,1,188.83,1,1,1,11,Hibernating
18045,47,1,189.4,4,1,1,41,Promising
13387,419,1,189.44,1,1,1,11,Hibernating
13826,178,1,189.5,3,2,1,32,About_to_Sleep
18046,651,1,189.63,1,1,1,11,Hibernating
17885,14,1,190.19,5,2,1,52,Potential_Loyalists
13972,72,2,190.25,3,2,1,32,About_to_Sleep
13766,497,1,190.35,1,1,1,11,Hibernating
14617,404,2,190.47,2,2,1,22,Hibernating
18020,545,1,190.48,1,1,1,11,Hibernating
15412,173,1,190.53,3,2,1,32,About_to_Sleep
15688,420,1,190.57,1,1,1,11,Hibernating
14728,415,1,190.58,1,1,1,11,Hibernating
15954,591,1,190.75,1,1,1,11,Hibernating
15692,30,1,191.04,4,2,1,42,Potential_Loyalists
17904,23,1,191.67,4,2,1,42,Potential_Loyalists
14279,522,2,191.86,1,2,1,12,Hibernating
15909,175,1,191.94,3,2,1,32,About_to_Sleep
18028,585,1,192.05,1,1,1,11,Hibernating
15729,214,3,192.55,2,3,1,23,At_Risk
14768,19,2,192.6,5,3,1,53,Potential_Loyalists
12522,41,2,192.72,4,2,1,42,Potential_Loyalists
17257,438,2,192.73,1,2,1,12,Hibernating
13568,175,1,192.85,3,2,1,32,About_to_Sleep
14801,63,1,193.14,3,2,1,32,About_to_Sleep
16695,563,2,193.15,1,2,1,12,Hibernating
16299,479,1,193.65,1,1,1,11,Hibernating
17475,81,1,194.37,3,2,1,32,About_to_Sleep
17065,639,2,194.7,1,2,1,12,Hibernating
17468,12,3,194.8,5,3,1,53,Potential_Loyalists
14100,139,1,194.9,3,2,1,32,About_to_Sleep
13671,396,1,194.95,2,1,1,21,Hibernating
14405,388,1,195.0,2,1,1,21,Hibernating
15612,38,2,195.15,4,2,1,42,Potential_Loyalists
14666,26,1,195.25,4,2,1,42,Potential_Loyalists
17010,20,1,195.36,5,2,1,52,Potential_Loyalists
13757,676,1,195.55,1,1,1,11,Hibernating
16112,145,4,195.74,3,3,1,33,Need_Attention
13978,16,2,196.79,5,3,1,53,Potential_Loyalists
15746,136,1,196.88,3,2,1,32,About_to_Sleep
13436,3,1,196.89,5,2,1,52,Potential_Loyalists
15234,278,1,197.0,2,1,1,21,Hibernating
14830,55,1,197.13,4,2,1,42,Potential_Loyalists
12927,396,1,197.31,2,1,1,21,Hibernating
14789,30,1,197.64,4,2,1,42,Potential_Loyalists
14185,333,1,197.65,2,1,1,21,Hibernating
17778,663,1,197.7,1,1,1,11,Hibernating
12581,41,1,197.71,4,1,1,41,Promising
17184,571,2,198.41,1,2,1,12,Hibernating
14521,493,1,199.45,1,1,1,11,Hibernating
13322,19,1,199.48,5,2,1,52,Potential_Loyalists
15593,72,1,199.8,3,2,1,32,About_to_Sleep
14782,321,1,200.1,2,1,1,21,Hibernating
13944,655,1,200.43,1,1,1,11,Hibernating
13133,275,3,200.45,2,3,1,23,At_Risk
17693,139,1,200.47,3,2,1,32,About_to_Sleep
14330,625,1,200.63,1,1,1,11,Hibernating
13556,431,2,200.82,1,2,1,12,Hibernating
18281,182,2,201.14,3,3,1,33,Need_Attention
13284,332,1,201.19,2,1,1,21,Hibernating
16965,228,1,201.19,2,1,1,21,Hibernating
16937,501,1,202.1,1,1,1,11,Hibernating
14385,11,3,202.11,5,3,1,53,Potential_Loyalists
14892,692,1,202.35,1,1,1,11,Hibernating
12416,658,1,202.56,1,1,1,11,Hibernating
18169,62,1,202.65,3,2,1,32,About_to_Sleep
15459,419,2,202.83,1,2,1,12,Hibernating
17074,564,1,203.05,1,1,1,11,Hibernating
15020,381,1,203.42,2,1,1,21,Hibernating
17891,164,1,203.86,3,2,1,32,About_to_Sleep
17394,221,1,203.87,2,2,1,22,Hibernating
13017,9,1,204.0,5,2,1,52,Potential_Loyalists
17206,55,1,204.24,4,1,1,41,Promising
14468,735,1,204.24,1,1,1,11,Hibernating
16901,731,1,204.26,1,1,1,11,Hibernating
15319,285,1,204.5,2,1,1,21,Hibernating
17112,504,1,205.17,1,1,1,11,Hibernating
12400,416,1,205.25,1,1,1,11,Hibernating
15758,26,1,205.25,4,2,1,42,Potential_Loyalists
15307,97,1,205.3,3,2,1,32,About_to_Sleep
14602,658,1,205.36,1,1,1,11,Hibernating
16490,438,1,205.41,1,1,1,11,Hibernating
17670,229,1,205.7,2,1,1,21,Hibernating
14278,411,1,205.83,2,1,1,21,Hibernating
16090,626,1,205.91,1,1,1,11,Hibernating
15914,380,2,205.99,2,2,1,22,Hibernating
14519,685,2,206.09,1,2,1,12,Hibernating
14964,249,1,206.21,2,1,1,21,Hibernating
17166,40,2,206.34,4,2,1,42,Potential_Loyalists
18126,62,1,206.83,3,2,1,32,About_to_Sleep
15820,321,1,206.98,2,1,1,21,Hibernating
15925,196,1,207.15,2,2,1,22,Hibernating
13099,101,1,207.36,3,2,1,32,About_to_Sleep
16866,142,3,207.74,3,3,1,33,Need_Attention
16964,735,2,207.85,1,2,1,12,Hibernating
12848,677,1,208.0,1,1,1,11,Hibernating
15212,243,2,208.28,2,2,1,22,Hibernating
16457,220,1,208.36,2,2,1,22,Hibernating
16914,38,1,208.46,4,1,1,41,Promising
15741,460,2,208.62,1,2,1,12,Hibernating
13290,440,1,208.63,1,1,1,11,Hibernating
15327,54,1,208.75,4,1,1,41,Promising
17026,187,3,208.98,3,3,1,33,Need_Attention
16487,579,2,209.4,1,2,1,12,Hibernating
15112,613,1,209.4,1,1,1,11,Hibernating
14003,734,1,209.41,1,1,1,11,Hibernating
13056,553,1,209.48,1,1,1,11,Hibernating
13828,24,1,209.49,4,2,1,42,Potential_Loyalists
17484,578,2,209.57,1,2,1,12,Hibernating
13532,35,1,210.31,4,2,1,42,Potential_Loyalists
17271,738,1,210.39,1,1,1,11,Hibernating
14992,444,1,210.5,1,1,1,11,Hibernating
12995,87,1,211.32,3,2,1,32,About_to_Sleep
15703,266,1,211.5,2,1,1,21,Hibernating
14843,438,1,211.8,1,1,1,11,Hibernating
12470,691,1,211.95,1,1,1,11,Hibernating
12961,381,1,211.99,2,1,1,21,Hibernating
13691,398,1,212.78,2,1,1,21,Hibernating
13724,639,1,213.01,1,1,1,11,Hibernating
16591,70,1,213.5,3,2,1,32,About_to_Sleep
13411,109,1,213.55,3,2,1,32,About_to_Sleep
17153,26,1,213.78,4,2,1,42,Potential_Loyalists
13621,118,1,213.85,3,2,1,32,About_to_Sleep
14601,12,1,213.96,5,2,1,52,Potential_Loyalists
15558,641,1,214.13,1,1,1,11,Hibernating
14361,580,1,214.71,1,1,1,11,Hibernating
16338,159,1,214.8,3,2,1,32,About_to_Sleep
14106,739,1,214.8,1,1,1,11,Hibernating
14635,455,1,215.22,1,1,1,11,Hibernating
18157,573,1,215.35,1,1,1,11,Hibernating
14376,685,1,215.46,1,1,1,11,Hibernating
16189,17,2,215.48,5,3,1,53,Potential_Loyalists
14476,259,1,215.7,2,1,1,21,Hibernating
15052,321,1,215.78,2,1,1,21,Hibernating
16179,62,1,215.83,3,2,1,32,About_to_Sleep
13858,59,1,216.17,4,2,1,42,Potential_Loyalists
15604,54,1,216.39,4,1,1,41,Promising
17902,548,1,216.4,1,1,1,11,Hibernating
15460,356,1,216.76,2,1,1,21,Hibernating
15401,454,2,216.95,1,2,1,12,Hibernating
13423,430,1,217.03,1,1,1,11,Hibernating
15554,279,1,217.2,2,1,1,21,Hibernating
15295,656,1,217.24,1,1,1,11,Hibernating
13271,39,1,217.38,4,1,1,41,Promising
15490,432,1,217.6,1,1,1,11,Hibernating
16035,562,1,217.73,1,1,1,11,Hibernating
16874,381,1,217.74,2,1,1,21,Hibernating
15591,584,3,217.9,1,3,1,13,At_Risk
17217,236,2,218.0,2,2,1,22,Hibernating
12574,317,1,218.45,2,1,1,21,Hibernating
17619,314,1,218.52,2,1,1,21,Hibernating
15086,566,2,218.53,1,2,1,12,Hibernating
12702,21,1,219.0,4,2,1,42,Potential_Loyalists
14271,227,2,219.13,2,2,1,22,Hibernating
12799,531,1,219.35,1,1,1,11,Hibernating
15096,44,1,219.39,4,1,1,41,Promising
14074,625,1,219.4,1,1,1,11,Hibernating
13992,32,3,219.5,4,3,1,43,Potential_Loyalists
13454,643,1,219.87,1,1,1,11,Hibernating
18114,292,1,220.1,2,1,1,21,Hibernating
18007,394,1,220.32,2,1,1,21,Hibernating
13033,359,2,220.55,2,2,1,22,Hibernating
16482,17,1,220.62,5,2,1,52,Potential_Loyalists
12821,216,2,220.8,2,2,1,22,Hibernating
15790,12,1,220.85,5,2,1,52,Potential_Loyalists
13419,65,1,221.06,3,2,1,32,About_to_Sleep
14960,10,2,221.27,5,3,1,53,Potential_Loyalists
17087,739,1,221.53,1,1,1,11,Hibernating
14445,457,1,221.65,1,1,1,11,Hibernating
15788,510,1,221.83,1,1,1,11,Hibernating
15897,196,2,222.05,2,2,1,22,Hibernating
12887,385,1,222.4,2,1,1,21,Hibernating
18131,633,1,222.96,1,1,1,11,Hibernating
13926,25,1,223.85,4,2,1,42,Potential_Loyalists
16562,478,1,223.86,1,1,1,11,Hibernating
14928,629,1,223.91,1,1,1,11,Hibernating
16753,60,1,223.92,4,2,1,42,Potential_Loyalists
12914,402,1,223.98,2,1,1,21,Hibernating
15175,73,1,224.14,3,2,1,32,About_to_Sleep
16346,387,1,224.51,2,1,1,21,Hibernating
16587,234,1,225.15,2,1,1,21,Hibernating
16622,545,1,225.4,1,1,1,11,Hibernating
14357,45,1,225.77,4,1,1,41,Promising
16666,21,2,225.94,4,3,1,43,Potential_Loyalists
14718,412,1,226.42,1,1,1,11,Hibernating
16540,416,1,226.7,1,1,1,11,Hibernating
13651,37,3,226.85,4,3,1,43,Potential_Loyalists
18132,506,1,226.9,1,1,1,11,Hibernating
18021,511,2,227.06,1,2,1,12,Hibernating
14363,404,2,227.47,2,2,1,22,Hibernating
15566,394,2,227.87,2,2,1,22,Hibernating
16760,432,1,228.0,1,1,1,11,Hibernating
17066,728,1,228.34,1,1,1,11,Hibernating
17989,381,1,228.83,2,1,1,21,Hibernating
13146,28,1,228.91,4,2,1,42,Potential_Loyalists
15273,601,1,228.96,1,1,1,11,Hibernating
17347,88,1,228.96,3,2,1,32,About_to_Sleep
17743,450,1,229.2,1,1,1,11,Hibernating
15528,256,1,229.33,2,1,1,21,Hibernating
17185,593,3,229.46,1,3,1,13,At_Risk
14596,628,1,229.47,1,1,1,11,Hibernating
13403,19,3,229.5,5,3,1,53,Potential_Loyalists
12812,46,1,229.64,4,1,1,41,Promising
14017,573,1,229.75,1,1,1,11,Hibernating
14314,108,2,229.8,3,3,1,33,Need_Attention
14069,516,2,230.06,1,2,1,12,Hibernating
18197,577,1,230.1,1,1,1,11,Hibernating
13960,23,2,230.22,4,3,1,43,Potential_Loyalists
17261,511,1,230.44,1,1,1,11,Hibernating
15866,103,1,230.53,3,2,1,32,About_to_Sleep
18030,6,2,230.65,5,3,1,53,Potential_Loyalists
15001,396,2,230.86,2,2,1,22,Hibernating
15487,681,1,231.32,1,1,1,11,Hibernating
18279,521,1,231.34,1,1,1,11,Hibernating
17136,664,1,231.68,1,1,1,11,Hibernating
13619,546,2,231.69,1,2,1,12,Hibernating
17151,737,1,231.9,1,1,1,11,Hibernating
16408,593,1,231.93,1,1,1,11,Hibernating
18213,238,1,232.48,2,1,1,21,Hibernating
13678,153,1,232.6,3,2,1,32,About_to_Sleep
15451,436,2,233.21,1,2,1,12,Hibernating
16302,128,1,233.22,3,2,1,32,About_to_Sleep
14995,40,2,233.23,4,2,1,42,Potential_Loyalists
13129,454,2,233.25,1,2,1,12,Hibernating
15294,412,1,233.35,1,1,1,11,Hibernating
14153,485,1,233.4,1,1,1,11,Hibernating
13348,66,1,233.76,3,2,1,32,About_to_Sleep
13009,674,1,234.0,1,1,1,11,Hibernating
12736,334,1,234.0,2,1,1,21,Hibernating
17060,268,1,234.24,2,1,1,21,Hibernating
14473,76,2,234.34,3,2,1,32,About_to_Sleep
13114,732,1,234.38,1,1,1,11,Hibernating
17868,388,1,234.65,2,1,1,21,Hibernating
12392,593,1,234.75,1,1,1,11,Hibernating
17993,619,1,235.19,1,1,1,11,Hibernating
16046,564,1,235.78,1,1,1,11,Hibernating
17872,383,1,235.87,2,1,1,21,Hibernating
17093,594,1,235.88,1,1,1,11,Hibernating
16026,45,1,236.09,4,1,1,41,Promising
13088,419,1,236.11,1,1,1,11,Hibernating
13608,542,1,236.2,1,1,1,11,Hibernating
12732,181,1,236.26,3,2,1,32,About_to_Sleep
16740,397,1,236.81,2,1,1,21,Hibernating
15457,264,1,237.07,2,1,1,21,Hibernating
14586,278,1,237.36,2,1,1,21,Hibernating
14458,382,1,237.42,2,1,1,21,Hibernating
17877,172,1,237.61,3,2,1,32,About_to_Sleep
14982,574,1,237.78,1,1,1,11,Hibernating
16280,727,1,238.05,1,1,1,11,Hibernating
12718,73,1,238.25,3,2,1,32,About_to_Sleep
12561,304,1,238.85,2,1,1,21,Hibernating
17981,412,1,239.12,2,1,1,21,Hibernating
12663,626,2,239.4,1,2,1,12,Hibernating
17684,45,1,239.41,4,1,1,41,Promising
13789,390,1,239.46,2,1,1,21,Hibernating
13570,245,1,239.49,2,1,1,21,Hibernating
17055,447,1,239.55,1,1,1,11,Hibernating
15690,6,2,239.76,5,3,1,53,Potential_Loyalists
15931,430,1,239.9,1,1,1,11,Hibernating
15336,403,1,240.5,2,1,1,21,Hibernating
15286,51,1,240.55,4,1,1,41,Promising
13674,434,1,240.68,1,1,1,11,Hibernating
16427,265,2,241.06,2,2,1,22,Hibernating
14523,110,1,241.09,3,2,1,32,About_to_Sleep
14774,530,1,241.45,1,1,1,11,Hibernating
15776,135,1,241.62,3,2,1,32,About_to_Sleep
13275,385,2,241.66,2,2,1,22,Hibernating
13582,391,2,241.68,2,2,1,22,Hibernating
13445,628,1,241.9,1,1,1,11,Hibernating
17009,553,1,242.06,1,1,1,11,Hibernating
17915,553,1,242.13,1,1,1,11,Hibernating
16215,82,1,242.35,3,2,1,32,About_to_Sleep
15543,290,2,242.84,2,2,1,22,Hibernating
13886,73,1,243.56,3,2,1,32,About_to_Sleep
16793,59,1,243.84,4,2,1,42,Potential_Loyalists
13676,541,2,243.9,1,2,1,12,Hibernating
17892,58,3,244.1,4,3,1,43,Potential_Loyalists
13551,321,2,244.2,2,2,1,22,Hibernating
14694,619,1,244.31,1,1,1,11,Hibernating
16528,5,1,244.41,5,2,1,52,Potential_Loyalists
15118,136,1,244.8,3,2,1,32,About_to_Sleep
12660,13,1,245.1,5,2,1,52,Potential_Loyalists
14281,410,1,245.15,2,1,1,21,Hibernating
14325,571,1,245.48,1,1,1,11,Hibernating
16778,76,2,245.94,3,2,1,32,About_to_Sleep
18153,661,1,246.22,1,1,1,11,Hibernating
15783,12,1,246.3,5,2,1,52,Potential_Loyalists
15495,381,1,246.5,2,1,1,21,Hibernating
15378,464,2,246.5,1,2,1,12,Hibernating
13943,579,1,246.54,1,1,1,11,Hibernating
15697,691,1,246.75,1,1,1,11,Hibernating
14654,740,1,246.86,1,1,1,11,Hibernating
14658,7,2,247.15,5,3,1,53,Potential_Loyalists
13349,12,1,247.32,5,2,1,52,Potential_Loyalists
18072,187,1,247.44,3,2,1,32,About_to_Sleep
15293,667,1,247.5,1,1,1,11,Hibernating
13592,37,4,247.96,4,3,1,43,Potential_Loyalists
13061,74,1,248.61,3,2,1,32,About_to_Sleep
16508,632,1,248.8,1,1,1,11,Hibernating
12563,410,1,249.24,2,1,1,21,Hibernating
13747,375,2,249.4,2,2,1,22,Hibernating
15884,434,2,249.7,1,2,1,12,Hibernating
18005,5,2,249.72,5,3,1,53,Potential_Loyalists
18002,377,4,249.92,2,3,1,23,At_Risk
15510,332,1,250.0,2,1,1,21,Hibernating
17303,363,1,250.04,2,1,1,21,Hibernating
15231,623,1,250.26,1,1,1,11,Hibernating
16962,411,1,251.04,2,1,1,21,Hibernating
18266,436,1,251.1,1,1,1,11,Hibernating
14501,185,2,251.21,3,3,1,33,Need_Attention
16976,269,1,251.52,2,1,1,21,Hibernating
16453,532,2,251.71,1,2,1,12,Hibernating
13645,122,1,252.1,3,2,1,32,About_to_Sleep
13404,3,2,252.49,5,3,1,53,Potential_Loyalists
15552,219,2,252.52,2,2,1,22,Hibernating
16908,724,1,252.59,1,1,1,11,Hibernating
13251,404,1,252.68,2,1,1,21,Hibernating
15035,91,1,252.73,3,2,1,32,About_to_Sleep
17210,394,1,253.37,2,1,1,21,Hibernating
16845,620,1,253.88,1,1,1,11,Hibernating
17626,604,1,254.0,1,1,1,11,Hibernating
14765,31,3,254.11,4,3,1,43,Potential_Loyalists
17992,391,1,254.13,2,1,1,21,Hibernating
15923,374,1,254.16,2,1,1,21,Hibernating
12604,81,2,254.18,3,2,1,32,About_to_Sleep
12746,542,1,254.55,1,1,1,11,Hibernating
16911,637,2,255.25,1,2,1,12,Hibernating
14881,21,1,255.4,4,2,1,42,Potential_Loyalists
13825,623,2,255.59,1,2,1,12,Hibernating
13250,462,2,256.04,1,2,1,12,Hibernating
17896,25,1,256.32,4,2,1,42,Potential_Loyalists
13806,65,1,256.38,3,2,1,32,About_to_Sleep
12430,45,1,256.4,4,1,1,41,Promising
14274,688,1,256.6,1,1,1,11,Hibernating
14876,523,2,256.7,1,2,1,12,Hibernating
14166,507,2,256.85,1,2,1,12,Hibernating
15404,377,1,257.06,2,1,1,21,Hibernating
14483,283,2,257.1,2,2,1,22,Hibernating
15852,188,3,257.26,3,3,1,33,Need_Attention
16542,55,2,257.32,4,2,1,42,Potential_Loyalists
13227,203,1,257.7,2,2,1,22,Hibernating
13683,459,1,258.6,1,1,1,11,Hibernating
16381,397,2,258.7,2,2,1,22,Hibernating
15536,411,1,259.09,2,1,1,21,Hibernating
17219,33,2,259.13,4,3,1,43,Potential_Loyalists
13127,79,1,259.17,3,2,1,32,About_to_Sleep
17558,395,1,259.17,2,1,1,21,Hibernating
17125,52,1,259.35,4,1,1,41,Promising
16733,531,1,259.68,1,1,1,11,Hibernating
17022,33,2,260.0,4,3,1,43,Potential_Loyalists
17901,31,3,260.08,4,3,1,43,Potential_Loyalists
15014,45,2,260.17,4,2,1,42,Potential_Loyalists
13189,20,2,260.68,5,3,1,53,Potential_Loyalists
17385,16,1,261.11,5,2,1,52,Potential_Loyalists
12655,425,1,261.35,1,1,1,11,Hibernating
17910,728,1,261.7,1,1,1,11,Hibernating
13331,403,1,262.4,2,1,1,21,Hibernating
14526,391,1,262.4,2,1,1,21,Hibernating
17808,550,4,262.64,1,3,1,13,At_Risk
12892,398,1,263.38,2,1,1,21,Hibernating
13128,633,1,263.5,1,1,1,11,Hibernating
13973,289,1,264.7,2,1,1,21,Hibernating
16074,392,1,265.25,2,1,1,21,Hibernating
15019,268,1,266.0,2,1,1,21,Hibernating
12962,9,2,266.39,5,3,1,53,Potential_Loyalists
15119,247,1,266.4,2,1,1,21,Hibernating
14392,434,1,266.4,1,1,1,11,Hibernating
16502,622,2,266.5,1,2,1,12,Hibernating
14863,31,1,266.76,4,2,1,42,Potential_Loyalists
15423,40,3,266.89,4,3,1,43,Potential_Loyalists
15517,235,1,267.03,2,1,1,21,Hibernating
15320,46,1,267.13,4,1,1,41,Promising
15503,364,2,267.15,2,2,1,22,Hibernating
15408,266,1,267.18,2,1,1,21,Hibernating
14039,35,2,267.28,4,3,1,43,Potential_Loyalists
18254,583,1,267.9,1,1,1,11,Hibernating
12751,446,1,268.27,1,1,1,11,Hibernating
18267,674,1,269.37,1,1,1,11,Hibernating
12558,9,1,269.96,5,2,1,52,Potential_Loyalists
16757,320,2,270.48,2,2,1,22,Hibernating
14520,3,2,270.6,5,3,1,53,Potential_Loyalists
13533,184,3,270.79,3,3,1,33,Need_Attention
18238,517,1,270.92,1,1,1,11,Hibernating
17278,243,2,271.24,2,2,1,22,Hibernating
13837,213,2,271.24,2,2,1,22,Hibernating
15943,651,2,271.29,1,2,1,12,Hibernating
13058,26,3,271.4,4,3,1,43,Potential_Loyalists
16089,388,2,271.44,2,2,1,22,Hibernating
14436,100,2,271.7,3,3,1,33,Need_Attention
17292,474,2,271.75,1,2,1,12,Hibernating
14816,199,1,271.85,2,2,1,22,Hibernating
13917,51,2,272.04,4,2,1,42,Potential_Loyalists
17498,77,1,272.22,3,2,1,32,About_to_Sleep
15964,665,1,272.96,1,1,1,11,Hibernating
13861,431,2,273.26,1,2,1,12,Hibernating
13307,122,3,273.34,3,3,1,33,Need_Attention
12789,67,3,273.35,3,3,1,33,Need_Attention
16313,5,2,274.15,5,3,1,53,Potential_Loyalists
13399,466,3,275.4,1,3,1,13,At_Risk
12750,130,1,275.88,3,2,1,32,About_to_Sleep
13272,33,2,276.56,4,3,1,43,Potential_Loyalists
15355,31,2,277.05,4,3,1,43,Potential_Loyalists
16334,494,1,277.48,1,1,1,11,Hibernating
14303,409,2,277.94,2,2,1,22,Hibernating
14764,48,1,278.3,4,1,1,41,Promising
17786,87,2,278.74,3,2,1,32,About_to_Sleep
17264,426,1,279.59,1,1,1,11,Hibernating
15556,26,1,279.77,4,2,1,42,Potential_Loyalists
13581,311,2,280.53,2,2,1,22,Hibernating
13606,31,3,280.54,4,3,1,43,Potential_Loyalists
14242,236,2,280.55,2,2,1,22,Hibernating
13080,181,4,280.73,3,3,1,33,Need_Attention
15772,420,1,280.88,1,1,1,11,Hibernating
18042,55,2,281.15,4,2,1,42,Potential_Loyalists
13679,495,3,281.26,1,3,1,13,At_Risk
13326,434,1,281.76,1,1,1,11,Hibernating
16557,26,2,281.85,4,3,1,43,Potential_Loyalists
17072,627,1,282.05,1,1,1,11,Hibernating
17247,17,1,282.19,5,2,1,52,Potential_Loyalists
12771,487,1,282.3,1,1,1,11,Hibernating
13511,678,1,282.76,1,1,1,11,Hibernating
15936,381,2,282.79,2,2,1,22,Hibernating
15338,679,1,283.43,1,1,1,11,Hibernating
13121,271,1,283.73,2,1,1,21,Hibernating
15662,663,2,283.73,1,2,1,12,Hibernating
12851,98,2,284.13,3,3,1,33,Need_Attention
15354,605,3,284.4,1,3,1,13,At_Risk
17359,13,2,284.46,5,3,1,53,Potential_Loyalists
15445,266,2,284.5,2,2,1,22,Hibernating
16429,108,1,284.55,3,2,1,32,About_to_Sleep
17355,388,1,285.11,2,1,1,21,Hibernating
12487,732,1,285.3,1,1,1,11,Hibernating
16890,478,3,285.41,1,3,1,13,At_Risk
17636,21,1,285.56,4,2,1,42,Potential_Loyalists
14402,654,1,285.6,1,1,1,11,Hibernating
14660,88,2,285.74,3,2,1,32,About_to_Sleep
14183,413,2,286.29,1,2,1,12,Hibernating
13909,425,2,286.6,1,2,1,12,Hibernating
13508,245,2,287.05,2,2,1,22,Hibernating
17497,392,2,287.25,2,2,1,22,Hibernating
16432,66,1,287.4,3,2,1,32,About_to_Sleep
13616,570,2,288.1,1,2,1,12,Hibernating
16808,101,2,288.42,3,3,1,33,Need_Attention
17501,222,2,288.6,2,2,1,22,Hibernating
14162,175,2,289.36,3,2,1,32,About_to_Sleep
14433,467,1,289.6,1,1,1,11,Hibernating
13796,501,1,289.7,1,1,1,11,Hibernating
16897,301,2,289.78,2,2,1,22,Hibernating
15391,586,1,289.87,1,1,1,11,Hibernating
18182,465,1,291.13,1,1,1,11,Hibernating
16615,628,1,291.5,1,1,2,11,Hibernating
17907,642,1,291.76,1,1,2,11,Hibernating
13449,25,1,291.88,4,2,2,42,Potential_Loyalists
13739,20,2,292.2,5,3,2,53,Potential_Loyalists
16543,593,1,292.21,1,1,2,11,Hibernating
16721,264,1,292.47,2,1,2,21,Hibernating
17441,734,1,293.35,1,1,2,11,Hibernating
17710,425,1,293.5,1,1,2,11,Hibernating
15928,658,1,293.53,1,1,2,11,Hibernating
14192,390,1,293.74,2,1,2,21,Hibernating
15718,542,1,293.79,1,1,2,11,Hibernating
17927,723,1,294.0,1,1,2,11,Hibernating
15041,172,2,294.02,3,2,2,32,About_to_Sleep
17057,598,1,294.74,1,1,2,11,Hibernating
16579,427,1,295.05,1,1,2,11,Hibernating
16252,384,1,295.09,2,1,2,21,Hibernating
14614,388,1,295.13,2,1,2,21,Hibernating
14269,441,1,295.73,1,1,2,11,Hibernating
15962,451,1,295.83,1,1,2,11,Hibernating
13504,66,1,295.93,3,2,2,32,About_to_Sleep
13751,290,1,296.25,2,1,2,21,Hibernating
17627,480,1,296.36,1,1,2,11,Hibernating
14985,200,2,296.75,2,2,2,22,Hibernating
13708,273,1,296.88,2,1,2,21,Hibernating
14835,530,2,297.0,1,2,2,12,Hibernating
18018,110,4,297.99,3,3,2,33,Need_Attention
12881,277,1,298.0,2,1,2,21,Hibernating
17824,53,1,298.4,4,1,2,41,Promising
15609,186,1,298.48,3,2,2,32,About_to_Sleep
17124,187,1,298.89,3,2,2,32,About_to_Sleep
12595,506,1,299.02,1,1,2,11,Hibernating
17898,87,4,299.18,3,3,2,33,Need_Attention
13346,464,6,299.4,1,4,2,14,At_Risk
12864,140,2,299.57,3,2,2,32,About_to_Sleep
17766,383,2,299.61,2,2,2,22,Hibernating
14797,509,1,300.31,1,1,2,11,Hibernating
17556,207,2,300.67,2,2,2,22,Hibernating
16050,175,3,300.7,3,3,2,33,Need_Attention
16479,12,2,300.83,5,3,2,53,Potential_Loyalists
12351,377,1,300.93,2,1,2,21,Hibernating
16437,383,2,301.25,2,2,2,22,Hibernating
13625,598,1,301.26,1,1,2,11,Hibernating
15148,12,1,301.29,5,2,2,52,Potential_Loyalists
15667,41,1,301.32,4,1,2,41,Promising
13773,398,2,301.54,2,2,2,22,Hibernating
16297,270,1,301.9,2,1,2,21,Hibernating
15242,424,1,302.04,1,1,2,11,Hibernating
15054,14,2,302.1,5,3,2,53,Potential_Loyalists
17506,77,1,302.2,3,2,2,32,About_to_Sleep
18165,179,1,302.46,3,2,2,32,About_to_Sleep
16425,304,1,302.7,2,1,2,21,Hibernating
15060,10,4,303.09,5,4,2,54,Champions
18255,91,2,303.15,3,2,2,32,About_to_Sleep
17207,654,1,303.22,1,1,2,11,Hibernating
14806,77,2,303.43,3,2,2,32,About_to_Sleep
14791,608,1,303.63,1,1,2,11,Hibernating
16489,382,2,303.7,2,2,2,22,Hibernating
17688,395,1,304.2,2,1,2,21,Hibernating
18185,251,1,304.25,2,1,2,21,Hibernating
14043,493,2,304.25,1,2,2,12,Hibernating
16217,237,2,304.25,2,2,2,22,Hibernating
15163,20,2,304.47,5,3,2,53,Potential_Loyalists
13667,151,1,305.02,3,2,2,32,About_to_Sleep
15893,483,1,305.28,1,1,2,11,Hibernating
13383,545,1,305.28,1,1,2,11,Hibernating
14990,614,2,305.42,1,2,2,12,Hibernating
16181,75,1,305.54,3,2,2,32,About_to_Sleep
16796,91,1,305.62,3,2,2,32,About_to_Sleep
15135,241,2,305.68,2,2,2,22,Hibernating
17077,580,1,306.0,1,1,2,11,Hibernating
18059,25,3,306.46,4,3,2,43,Potential_Loyalists
13718,248,2,306.55,2,2,2,22,Hibernating
16649,522,1,306.58,1,1,2,11,Hibernating
17551,361,1,306.84,2,1,2,21,Hibernating
15087,283,1,306.94,2,1,2,21,Hibernating
13142,21,1,307.09,4,2,2,42,Potential_Loyalists
13036,686,1,307.1,1,1,2,11,Hibernating
17721,661,1,307.21,1,1,2,11,Hibernating
14783,661,1,307.3,1,1,2,11,Hibernating
15374,130,2,307.32,3,2,2,32,About_to_Sleep
13932,296,1,307.4,2,1,2,21,Hibernating
17120,235,1,307.46,2,1,2,21,Hibernating
13060,255,1,307.53,2,1,2,21,Hibernating
14777,405,1,307.56,2,1,2,21,Hibernating
15454,364,2,307.69,2,2,2,22,Hibernating
13529,80,2,307.76,3,2,2,32,About_to_Sleep
16123,53,1,307.78,4,1,2,41,Promising
15778,433,1,307.95,1,1,2,11,Hibernating
13289,725,1,307.95,1,1,2,11,Hibernating
15302,732,1,308.0,1,1,2,11,Hibernating
16524,448,2,308.14,1,2,2,12,Hibernating
14927,398,1,308.2,2,1,2,21,Hibernating
16194,377,1,308.6,2,1,2,21,Hibernating
16956,19,1,308.74,5,2,2,52,Potential_Loyalists
15010,37,1,308.94,4,1,2,41,Promising
12884,90,1,309.05,3,2,2,32,About_to_Sleep
16373,384,2,309.49,2,2,2,22,Hibernating
15699,19,1,309.65,5,2,2,52,Potential_Loyalists
17383,6,2,309.99,5,3,2,53,Potential_Loyalists
13628,678,1,310.14,1,1,2,11,Hibernating
14749,481,1,310.15,1,1,2,11,Hibernating
13315,691,1,310.26,1,1,2,11,Hibernating
15188,727,1,310.43,1,1,2,11,Hibernating
15308,276,1,310.47,2,1,2,21,Hibernating
14181,412,2,310.55,1,2,2,12,Hibernating
14848,406,1,310.56,2,1,2,21,Hibernating
15185,72,1,310.62,3,2,2,32,About_to_Sleep
12738,374,1,310.7,2,1,2,21,Hibernating
16439,724,1,310.7,1,1,2,11,Hibernating
13847,721,1,310.72,1,1,2,11,Hibernating
16328,565,1,310.83,1,1,2,11,Hibernating
13400,584,1,310.83,1,1,2,11,Hibernating
15724,203,3,310.85,2,3,2,23,At_Risk
12898,465,2,310.96,1,2,2,12,Hibernating
13990,215,1,311.3,2,2,2,22,Hibernating
12852,296,1,311.55,2,1,2,21,Hibernating
14951,81,1,311.69,3,2,2,32,About_to_Sleep
12834,284,1,312.38,2,1,2,21,Hibernating
13226,275,2,312.46,2,2,2,22,Hibernating
15318,5,1,312.62,5,2,2,52,Potential_Loyalists
13905,734,1,312.65,1,1,2,11,Hibernating
15162,733,1,312.9,1,1,2,11,Hibernating
13845,66,1,312.98,3,2,2,32,About_to_Sleep
17882,381,2,313.46,2,2,2,22,Hibernating
12665,326,3,313.6,2,3,2,23,At_Risk
16582,115,1,313.62,3,2,2,32,About_to_Sleep
13087,728,1,313.64,1,1,2,11,Hibernating
15873,501,4,313.92,1,3,2,13,At_Risk
18070,671,1,314.1,1,1,2,11,Hibernating
12650,5,1,314.44,5,2,2,52,Potential_Loyalists
13660,402,1,314.59,2,1,2,21,Hibernating
18206,555,1,314.66,1,1,2,11,Hibernating
14991,432,1,314.67,1,1,2,11,Hibernating
17121,404,1,314.74,2,1,2,21,Hibernating
16091,156,2,315.06,3,2,2,32,About_to_Sleep
15042,201,2,315.45,2,2,2,22,Hibernating
12614,279,1,315.6,2,1,2,21,Hibernating
17408,165,3,316.09,3,3,2,33,Need_Attention
15196,434,2,316.25,1,2,2,12,Hibernating
13494,313,1,316.26,2,1,2,21,Hibernating
12529,530,1,316.48,1,1,2,11,Hibernating
15204,359,1,316.58,2,1,2,21,Hibernating
16761,98,1,316.62,3,2,2,32,About_to_Sleep
17689,390,2,317.08,2,2,2,22,Hibernating
15616,440,1,317.11,1,1,2,11,Hibernating
17267,129,2,317.62,3,2,2,32,About_to_Sleep
18253,644,1,317.88,1,1,2,11,Hibernating
14703,16,1,318.17,5,2,2,52,Potential_Loyalists
15682,601,2,318.24,1,2,2,12,Hibernating
17229,98,2,318.76,3,3,2,33,Need_Attention
16967,191,1,319.02,2,2,2,22,Hibernating
16674,56,2,319.61,4,2,2,42,Potential_Loyalists
13843,383,1,319.75,2,1,2,21,Hibernating
13942,536,1,320.0,1,1,2,11,Hibernating
16683,535,1,320.25,1,1,2,11,Hibernating
13986,19,1,320.46,5,2,2,52,Potential_Loyalists
17991,227,3,320.55,2,3,2,23,At_Risk
14622,186,1,320.58,3,2,2,32,About_to_Sleep
18117,27,1,320.72,4,2,2,42,Potential_Loyalists
15432,25,2,320.76,4,3,2,43,Potential_Loyalists
15236,300,1,321.05,2,1,2,21,Hibernating
17182,424,2,321.3,1,2,2,12,Hibernating
14823,182,3,321.43,3,3,2,33,Need_Attention
15770,614,1,321.45,1,1,2,11,Hibernating
17471,476,1,321.65,1,1,2,11,Hibernating
13111,720,1,321.88,1,1,2,11,Hibernating
15726,392,1,321.91,2,1,2,21,Hibernating
17326,410,2,321.95,2,2,2,22,Hibernating
14424,19,1,322.08,5,2,2,52,Potential_Loyalists
16342,77,4,322.41,3,3,2,33,Need_Attention
14832,632,1,322.69,1,1,2,11,Hibernating
16627,81,1,322.8,3,2,2,32,About_to_Sleep
14263,425,1,322.93,1,1,2,11,Hibernating
17793,27,1,323.04,4,2,2,42,Potential_Loyalists
16195,725,1,323.25,1,1,2,11,Hibernating
13025,733,1,323.39,1,1,2,11,Hibernating
17440,158,4,323.58,3,3,2,33,Need_Attention
15869,279,3,323.66,2,3,2,23,At_Risk
13834,578,2,324.19,1,2,2,12,Hibernating
18261,45,2,324.24,4,2,2,42,Potential_Loyalists
16685,63,2,324.24,3,2,2,32,About_to_Sleep
12946,438,1,324.45,1,1,2,11,Hibernating
15982,607,1,324.51,1,1,2,11,Hibernating
13801,68,1,324.8,3,2,2,32,About_to_Sleep
15670,298,2,325.2,2,2,2,22,Hibernating
13661,605,1,325.24,1,1,2,11,Hibernating
17439,657,1,325.74,1,1,2,11,Hibernating
17843,305,2,326.23,2,2,2,22,Hibernating
13646,401,2,326.25,2,2,2,22,Hibernating
14070,686,1,326.55,1,1,2,11,Hibernating
12460,458,1,326.65,1,1,2,11,Hibernating
16322,3,2,326.75,5,3,2,53,Potential_Loyalists
12804,467,2,327.02,1,2,2,12,Hibernating
13498,732,1,327.38,1,1,2,11,Hibernating
15735,423,1,327.68,1,1,2,11,Hibernating
15709,285,2,327.85,2,2,2,22,Hibernating
16318,37,1,328.15,4,1,2,41,Promising
14747,251,1,328.2,2,1,2,21,Hibernating
15213,320,2,328.35,2,2,2,22,Hibernating
16855,25,2,328.4,4,3,2,43,Potential_Loyalists
14012,279,1,328.8,2,1,2,21,Hibernating
16286,479,2,328.95,1,2,2,12,Hibernating
15979,604,1,329.22,1,1,2,11,Hibernating
15153,33,1,329.25,4,2,2,42,Potential_Loyalists
17154,77,1,329.34,3,2,2,32,About_to_Sleep
16436,670,3,329.34,1,3,2,13,At_Risk
17518,427,2,329.42,1,2,2,12,Hibernating
18186,724,1,329.58,1,1,2,11,Hibernating
12850,447,1,330.0,1,1,2,11,Hibernating
15130,171,1,330.11,3,2,2,32,About_to_Sleep
13010,376,2,330.12,2,2,2,22,Hibernating
12807,385,1,330.35,2,1,2,21,Hibernating
17301,23,2,330.43,4,3,2,43,Potential_Loyalists
14517,35,2,330.45,4,3,2,43,Potential_Loyalists
17309,97,3,330.59,3,3,2,33,Need_Attention
15878,563,2,330.77,1,2,2,12,Hibernating
16478,27,3,331.0,4,3,2,43,Potential_Loyalists
13981,417,1,331.14,1,1,2,11,Hibernating
16030,311,1,331.24,2,1,2,21,Hibernating
17435,413,1,331.35,1,1,2,11,Hibernating
15512,157,4,331.58,3,3,2,33,Need_Attention
17647,67,3,331.66,3,3,2,33,Need_Attention
16452,632,2,332.17,1,2,2,12,Hibernating
16803,67,1,332.3,3,2,2,32,About_to_Sleep
16850,335,1,332.41,2,1,2,21,Hibernating
13904,39,2,332.64,4,2,2,42,Potential_Loyalists
14137,697,1,332.7,1,1,2,11,Hibernating
16234,478,3,333.18,1,3,2,13,At_Risk
14957,255,2,333.29,2,2,2,22,Hibernating
14241,185,2,333.7,3,3,2,33,Need_Attention
13216,269,1,333.74,2,1,2,21,Hibernating
17607,378,1,333.81,2,1,2,21,Hibernating
12350,312,1,334.4,2,1,2,21,Hibernating
17821,408,1,334.62,2,1,2,21,Hibernating
12489,338,1,334.93,2,1,2,21,Hibernating
14094,441,1,335.22,1,1,2,11,Hibernating
16063,262,1,335.32,2,1,2,21,Hibernating
14196,108,1,335.52,3,2,2,32,About_to_Sleep
16273,650,2,336.04,1,2,2,12,Hibernating
13482,234,2,336.09,2,2,2,22,Hibernating
15619,12,1,336.4,5,2,2,52,Potential_Loyalists
17914,5,1,336.43,5,2,2,52,Potential_Loyalists
17488,643,1,336.5,1,1,2,11,Hibernating
17973,53,1,337.04,4,1,2,41,Promising
18269,368,1,337.2,2,1,2,21,Hibernating
13930,59,2,337.34,4,2,2,42,Potential_Loyalists
12780,600,1,337.4,1,1,2,11,Hibernating
15942,135,1,337.44,3,2,2,32,About_to_Sleep
12869,683,1,337.67,1,1,2,11,Hibernating
17296,732,1,338.13,1,1,2,11,Hibernating
14799,53,2,338.15,4,2,2,42,Potential_Loyalists
17776,388,2,338.56,2,2,2,22,Hibernating
14630,486,1,338.65,1,1,2,11,Hibernating
17839,44,1,338.8,4,1,2,41,Promising
17697,238,1,338.95,2,1,2,21,Hibernating
14203,399,1,339.34,2,1,2,21,Hibernating
13737,202,1,339.6,2,2,2,22,Hibernating
12698,592,1,339.75,1,1,2,11,Hibernating
12900,424,1,340.33,1,1,2,11,Hibernating
15818,590,1,340.5,1,1,2,11,Hibernating
16044,437,1,340.84,1,1,2,11,Hibernating
17928,47,3,341.24,4,3,2,43,Potential_Loyalists
17917,47,3,341.28,4,3,2,43,Potential_Loyalists
13347,72,1,341.36,3,2,2,32,About_to_Sleep
16585,595,2,341.59,1,2,2,12,Hibernating
16826,53,1,341.7,4,1,2,41,Promising
17542,271,3,341.7,2,3,2,23,At_Risk
17833,725,1,342.36,1,1,2,11,Hibernating
14989,663,1,342.4,1,1,2,11,Hibernating
16851,6,3,342.45,5,3,2,53,Potential_Loyalists
18047,383,2,342.69,2,2,2,22,Hibernating
13519,80,2,343.21,3,2,2,32,About_to_Sleep
18081,38,3,343.45,4,3,2,43,Potential_Loyalists
15520,3,1,343.5,5,2,2,52,Potential_Loyalists
15047,271,1,343.62,2,1,2,21,Hibernating
16990,220,2,344.0,2,2,2,22,Hibernating
13068,12,2,344.0,5,3,2,53,Potential_Loyalists
17569,334,1,344.14,2,1,2,21,Hibernating
15519,385,2,344.61,2,2,2,22,Hibernating
18199,685,1,344.75,1,1,2,11,Hibernating
14633,268,1,344.9,2,1,2,21,Hibernating
13774,83,1,345.0,3,2,2,32,About_to_Sleep
14724,592,1,345.25,1,1,2,11,Hibernating
15781,27,3,345.46,4,3,2,43,Potential_Loyalists
16423,26,1,346.12,4,2,2,42,Potential_Loyalists
12411,411,1,346.9,2,1,2,21,Hibernating
13062,193,1,346.98,2,2,2,22,Hibernating
12441,368,1,347.1,2,1,2,21,Hibernating
16006,213,2,347.17,2,2,2,22,Hibernating
15085,731,1,347.54,1,1,2,11,Hibernating
17668,3,2,347.75,5,3,2,53,Potential_Loyalists
12760,457,1,347.8,1,1,2,11,Hibernating
15282,572,1,348.59,1,1,2,11,Hibernating
17577,647,2,348.75,1,2,2,12,Hibernating
13790,6,1,348.8,5,2,2,52,Potential_Loyalists
14545,676,1,349.25,1,1,2,11,Hibernating
18250,312,1,349.27,2,1,2,21,Hibernating
18090,423,1,349.4,1,1,2,11,Hibernating
13550,385,1,349.51,2,1,2,21,Hibernating
13887,206,1,349.55,2,2,2,22,Hibernating
13670,77,1,349.7,3,2,2,32,About_to_Sleep
12532,32,1,349.83,4,2,2,42,Potential_Loyalists
16476,433,1,350.35,1,1,2,11,Hibernating
17795,181,2,350.39,3,2,2,32,About_to_Sleep
17835,4,3,350.64,5,3,2,53,Potential_Loyalists
13281,441,1,350.85,1,1,2,11,Hibernating
13332,16,1,350.9,5,2,2,52,Potential_Loyalists
14252,383,1,350.99,2,1,2,21,Hibernating
16263,425,1,351.01,1,1,2,11,Hibernating
13923,55,1,351.13,4,1,2,41,Promising
16192,737,1,351.3,1,1,2,11,Hibernating
12566,88,1,351.65,3,2,2,32,About_to_Sleep
15334,158,3,351.67,3,3,2,33,Need_Attention
16857,444,1,352.8,1,1,2,11,Hibernating
13765,655,1,352.82,1,1,2,11,Hibernating
17196,429,1,352.9,1,1,2,11,Hibernating
17780,669,3,352.91,1,3,2,13,At_Risk
16690,74,4,353.03,3,4,2,34,Loyal_Customers
16382,410,2,353.1,2,2,2,22,Hibernating
14804,10,1,353.27,5,2,2,52,Potential_Loyalists
13343,179,1,353.43,3,2,2,32,About_to_Sleep
13210,95,1,353.48,3,2,2,32,About_to_Sleep
16323,198,2,353.66,2,2,2,22,Hibernating
12715,108,1,353.86,3,2,2,32,About_to_Sleep
17252,118,2,353.86,3,3,2,33,Need_Attention
12845,269,4,354.09,2,3,2,23,At_Risk
12888,216,2,354.12,2,3,2,23,At_Risk
15986,32,2,354.42,4,3,2,43,Potential_Loyalists
14268,472,1,354.85,1,1,2,11,Hibernating
16920,413,1,355.45,1,1,2,11,Hibernating
12996,377,1,355.5,2,1,2,21,Hibernating
12617,31,1,355.53,4,2,2,42,Potential_Loyalists
15840,60,2,355.56,4,2,2,42,Potential_Loyalists
17200,389,4,356.71,2,3,2,23,At_Risk
14500,90,3,356.85,3,3,2,33,Need_Attention
13234,674,2,356.95,1,2,2,12,Hibernating
18273,4,4,357.0,5,4,2,54,Champions
18040,21,2,357.2,4,3,2,43,Potential_Loyalists
16971,40,1,357.21,4,1,2,41,Promising
17967,373,2,357.29,2,2,2,22,Hibernating
12495,642,1,357.4,1,1,2,11,Hibernating
15595,489,1,357.6,1,1,2,11,Hibernating
16606,406,2,357.66,2,2,2,22,Hibernating
13228,83,1,358.0,3,2,2,32,About_to_Sleep
17748,529,1,358.15,1,1,2,11,Hibernating
16856,16,3,358.49,5,3,2,53,Potential_Loyalists
17948,149,1,358.56,3,2,2,32,About_to_Sleep
18003,378,1,358.61,2,1,2,21,Hibernating
15863,27,5,358.7,4,4,2,44,Loyal_Customers
15120,135,1,358.82,3,2,2,32,About_to_Sleep
14919,541,1,359.35,1,1,2,11,Hibernating
14926,383,2,359.4,2,2,2,22,Hibernating
17660,143,2,359.47,3,2,2,32,About_to_Sleep
13181,383,1,359.69,2,1,2,21,Hibernating
15008,482,2,360.0,1,2,2,12,Hibernating
13298,3,1,360.0,5,2,2,52,Potential_Loyalists
18208,567,1,360.08,1,1,2,11,Hibernating
17945,698,3,360.35,1,3,2,13,At_Risk
18091,595,1,360.85,1,1,2,11,Hibernating
13274,411,1,360.85,2,1,2,21,Hibernating
16305,140,1,361.22,3,2,2,32,About_to_Sleep
13844,13,1,361.62,5,2,2,52,Potential_Loyalists
16259,412,3,361.94,1,3,2,13,At_Risk
16052,56,1,362.06,4,2,2,42,Potential_Loyalists
18119,369,1,362.24,2,1,2,21,Hibernating
17339,96,3,362.36,3,3,2,33,Need_Attention
14122,408,3,362.42,2,3,2,23,At_Risk
14840,269,2,362.71,2,2,2,22,Hibernating
13962,23,3,362.8,4,3,2,43,Potential_Loyalists
16378,249,3,362.95,2,3,2,23,At_Risk
16078,285,2,362.99,2,2,2,22,Hibernating
14253,495,2,363.4,1,2,2,12,Hibernating
16509,298,1,363.7,2,1,2,21,Hibernating
14528,39,1,364.22,4,1,2,41,Promising
15343,89,1,364.5,3,2,2,32,About_to_Sleep
15949,18,2,364.72,5,3,2,53,Potential_Loyalists
14886,254,1,364.8,2,1,2,21,Hibernating
17536,179,3,364.83,3,3,2,33,Need_Attention
15029,621,1,365.1,1,1,2,11,Hibernating
16974,524,2,365.5,1,2,2,12,Hibernating
17911,11,1,366.23,5,2,2,52,Potential_Loyalists
12899,415,1,366.4,1,1,2,11,Hibernating
14244,662,1,366.42,1,1,2,11,Hibernating
14962,272,4,366.91,2,3,2,23,At_Risk
13187,339,4,367.01,2,3,2,23,At_Risk
14018,647,1,367.15,1,1,2,11,Hibernating
16448,200,2,367.87,2,2,2,22,Hibernating
15477,651,1,368.4,1,1,2,11,Hibernating
14888,209,1,369.2,2,2,2,22,Hibernating
16758,67,1,369.34,3,2,2,32,About_to_Sleep
17792,469,2,370.05,1,2,2,12,Hibernating
15458,27,2,370.44,4,3,2,43,Potential_Loyalists
14168,422,2,370.45,1,2,2,12,Hibernating
15765,668,1,370.63,1,1,2,11,Hibernating
15063,215,1,370.8,2,2,2,22,Hibernating
15975,86,1,371.01,3,2,2,32,About_to_Sleep
14950,21,1,371.2,4,2,2,42,Potential_Loyalists
15472,115,1,371.56,3,2,2,32,About_to_Sleep
18155,77,3,371.62,3,3,2,33,Need_Attention
17245,206,2,371.63,2,2,2,22,Hibernating
13164,571,2,372.2,1,2,2,12,Hibernating
12981,31,2,372.22,4,3,2,43,Potential_Loyalists
15989,377,2,372.51,2,2,2,22,Hibernating
12544,38,1,372.7,4,1,2,41,Promising
12895,44,2,372.8,4,2,2,42,Potential_Loyalists
14981,248,2,372.92,2,2,2,22,Hibernating
13197,611,1,373.01,1,1,2,11,Hibernating
15337,413,1,373.02,1,1,2,11,Hibernating
17437,531,1,373.17,1,1,2,11,Hibernating
13283,61,4,373.36,3,3,2,33,Need_Attention
13351,68,1,373.94,3,2,2,32,About_to_Sleep
13545,392,2,374.64,2,2,2,22,Hibernating
14067,65,2,374.7,3,2,2,32,About_to_Sleep
17810,670,2,374.81,1,2,2,12,Hibernating
14294,409,1,375.34,2,1,2,21,Hibernating
14448,11,2,375.35,5,3,2,53,Potential_Loyalists
13688,637,1,375.5,1,1,2,11,Hibernating
17912,312,6,375.5,2,4,2,24,At_Risk
14531,481,1,376.34,1,1,2,11,Hibernating
14353,217,3,376.5,2,3,2,23,At_Risk
17489,60,2,376.64,4,2,2,42,Potential_Loyalists
16544,521,4,376.7,1,3,2,13,At_Risk
17717,423,1,376.92,1,1,2,11,Hibernating
17736,11,3,377.44,5,3,2,53,Potential_Loyalists
12941,726,1,377.49,1,1,2,11,Hibernating
12651,336,4,377.75,2,3,2,23,At_Risk
17078,38,2,378.2,4,2,2,42,Potential_Loyalists
13372,91,1,378.64,3,2,2,32,About_to_Sleep
16909,74,1,379.14,3,2,2,32,About_to_Sleep
18162,734,1,379.16,1,1,2,11,Hibernating
14200,619,1,379.2,1,1,2,11,Hibernating
17783,74,3,379.91,3,3,2,33,Need_Attention
16577,668,1,380.0,1,1,2,11,Hibernating
14731,49,3,380.02,4,3,2,43,Potential_Loyalists
16930,28,3,380.55,4,3,2,43,Potential_Loyalists
17573,31,3,380.6,4,3,2,43,Potential_Loyalists
12796,630,1,381.0,1,1,2,11,Hibernating
17903,396,1,381.09,2,1,2,21,Hibernating
17393,412,2,381.15,1,2,2,12,Hibernating
15090,310,1,381.32,2,1,2,21,Hibernating
16304,696,1,381.66,1,1,2,11,Hibernating
14908,76,2,381.9,3,2,2,32,About_to_Sleep
13657,12,2,382.14,5,3,2,53,Potential_Loyalists
13997,521,3,382.31,1,3,2,13,At_Risk
16988,7,2,382.67,5,3,2,53,Potential_Loyalists
17568,635,1,382.79,1,1,2,11,Hibernating
14767,476,1,382.81,1,1,2,11,Hibernating
13817,31,2,382.98,4,3,2,43,Potential_Loyalists
12832,34,2,383.03,4,3,2,43,Potential_Loyalists
12547,199,3,383.58,2,3,2,23,At_Risk
15440,56,3,383.68,4,3,2,43,Potential_Loyalists
12515,355,1,383.7,2,1,2,21,Hibernating
13792,68,3,383.95,3,3,2,33,Need_Attention
15155,385,1,383.97,2,1,2,21,Hibernating
14598,46,2,384.04,4,2,2,42,Potential_Loyalists
16982,62,1,384.06,3,2,2,32,About_to_Sleep
17012,727,1,384.16,1,1,2,11,Hibernating
17250,5,2,384.52,5,3,2,53,Potential_Loyalists
16433,30,2,384.52,4,3,2,43,Potential_Loyalists
17171,291,2,384.59,2,2,2,22,Hibernating
17772,12,3,384.77,5,3,2,53,Potential_Loyalists
17711,12,2,385.1,5,3,2,53,Potential_Loyalists
14826,583,2,385.2,1,2,2,12,Hibernating
17804,378,3,385.23,2,3,2,23,At_Risk
12829,338,3,385.3,2,3,2,23,At_Risk
12889,383,4,385.46,2,3,2,23,At_Risk
12973,415,1,385.55,1,1,2,11,Hibernating
16492,542,1,385.56,1,1,2,11,Hibernating
14779,282,3,386.15,2,3,2,23,At_Risk
16148,298,2,386.62,2,2,2,22,Hibernating
17771,58,4,387.41,4,3,2,43,Potential_Loyalists
17357,26,2,388.14,4,3,2,43,Potential_Loyalists
13899,18,2,388.52,5,3,2,53,Potential_Loyalists
13896,627,1,388.55,1,1,2,11,Hibernating
15592,48,1,388.58,4,1,2,41,Promising
18227,219,2,388.75,2,2,2,22,Hibernating
17595,14,2,388.79,5,3,2,53,Potential_Loyalists
12690,207,1,389.01,2,2,2,22,Hibernating
17479,634,1,389.26,1,1,2,11,Hibernating
13345,289,1,389.5,2,1,2,21,Hibernating
14752,45,1,389.64,4,1,2,41,Promising
17116,650,1,389.78,1,1,2,11,Hibernating
18024,154,2,389.78,3,2,2,32,About_to_Sleep
17936,7,1,389.84,5,2,2,52,Potential_Loyalists
14197,412,1,390.05,1,1,2,11,Hibernating
17614,59,1,390.07,4,2,2,42,Potential_Loyalists
17753,466,4,390.56,1,3,2,13,At_Risk
14706,620,1,390.69,1,1,2,11,Hibernating
14072,668,1,390.85,1,1,2,11,Hibernating
13966,437,1,390.86,1,1,2,11,Hibernating
16783,438,1,391.95,1,1,2,11,Hibernating
16827,395,5,392.13,2,4,2,24,At_Risk
17563,580,2,392.38,1,2,2,12,Hibernating
13584,308,3,392.45,2,3,2,23,At_Risk
16868,396,3,393.39,2,3,2,23,At_Risk
15437,264,2,393.45,2,2,2,22,Hibernating
15345,47,1,393.54,4,1,2,41,Promising
17300,392,2,393.64,2,2,2,22,Hibernating
12499,562,1,393.72,1,1,2,11,Hibernating
15386,188,1,394.14,3,1,2,31,About_to_Sleep
16207,27,1,394.38,4,2,2,42,Potential_Loyalists
12677,557,2,395.1,1,2,2,12,Hibernating
17617,560,1,395.33,1,1,2,11,Hibernating
13083,6,3,395.43,5,3,2,53,Potential_Loyalists
17286,23,3,395.48,4,3,2,43,Potential_Loyalists
13879,647,1,395.5,1,1,2,11,Hibernating
18067,42,1,396.33,4,1,2,41,Promising
17918,502,3,396.39,1,3,2,13,At_Risk
15883,4,2,396.48,5,3,2,53,Potential_Loyalists
13597,402,2,396.71,2,2,2,22,Hibernating
17486,263,1,396.87,2,1,2,21,Hibernating
13673,20,2,396.92,5,3,2,53,Potential_Loyalists
12824,61,1,397.12,3,2,2,32,About_to_Sleep
17789,283,2,397.15,2,2,2,22,Hibernating
15429,28,2,397.35,4,3,2,43,Potential_Loyalists
13352,62,1,397.98,3,2,2,32,About_to_Sleep
15577,153,5,397.98,3,4,2,34,Loyal_Customers
12508,28,2,398.27,4,3,2,43,Potential_Loyalists
17830,3,3,398.7,5,3,2,53,Potential_Loyalists
15522,34,2,398.84,4,3,2,43,Potential_Loyalists
13252,396,2,399.3,2,2,2,22,Hibernating
16538,543,3,399.62,1,3,2,13,At_Risk
18164,39,1,399.65,4,1,2,41,Promising
14358,391,2,400.06,2,2,2,22,Hibernating
17168,500,1,400.2,1,1,2,11,Hibernating
17403,38,2,400.57,4,2,2,42,Potential_Loyalists
14471,593,2,400.95,1,2,2,12,Hibernating
14736,487,2,401.08,1,2,2,12,Hibernating
14494,27,3,401.46,4,3,2,43,Potential_Loyalists
18048,205,3,401.73,2,3,2,23,At_Risk
16893,368,2,401.77,2,2,2,22,Hibernating
16998,151,5,402.0,3,4,2,34,Loyal_Customers
17094,324,2,402.2,2,2,2,22,Hibernating
15501,406,2,402.5,2,2,2,22,Hibernating
15037,378,2,402.51,2,2,2,22,Hibernating
16315,332,2,402.71,2,2,2,22,Hibernating
14172,607,3,402.72,1,3,2,13,At_Risk
13530,636,1,402.98,1,1,2,11,Hibernating
17431,315,1,403.3,2,1,2,21,Hibernating
17785,55,3,403.38,4,3,2,43,Potential_Loyalists
14678,581,1,403.39,1,1,2,11,Hibernating
12498,23,3,403.7,4,3,2,43,Potential_Loyalists
16484,175,2,404.3,3,2,2,32,About_to_Sleep
16319,219,1,404.4,2,2,2,22,Hibernating
17379,13,1,404.66,5,2,2,52,Potential_Loyalists
15941,639,1,405.0,1,1,2,11,Hibernating
13640,613,1,405.0,1,1,2,11,Hibernating
13143,586,1,405.1,1,1,2,11,Hibernating
12922,163,1,405.38,3,2,2,32,About_to_Sleep
18111,591,1,405.85,1,1,2,11,Hibernating
12741,531,2,406.07,1,2,2,12,Hibernating
15342,131,1,406.09,3,2,2,32,About_to_Sleep
15280,174,3,406.22,3,3,2,33,Need_Attention
17000,398,2,406.3,2,2,2,22,Hibernating
16632,487,2,406.4,1,2,2,12,Hibernating
12353,206,2,406.76,2,2,2,22,Hibernating
15446,378,3,406.95,2,3,2,23,At_Risk
12974,199,2,408.95,2,2,2,22,Hibernating
13686,184,3,409.04,3,3,2,33,Need_Attention
16243,35,2,409.1,4,3,2,43,Potential_Loyalists
16864,436,2,409.25,1,2,2,12,Hibernating
15225,236,1,409.4,2,1,2,21,Hibernating
14348,262,1,409.57,2,1,2,21,Hibernating
17598,383,1,409.98,2,1,2,21,Hibernating
15099,86,1,410.48,3,2,2,32,About_to_Sleep
15960,376,4,410.95,2,3,2,23,At_Risk
16815,455,2,410.97,1,2,2,12,Hibernating
16272,118,1,411.7,3,2,2,32,About_to_Sleep
13827,59,3,412.05,4,3,2,43,Potential_Loyalists
18050,361,2,412.06,2,2,2,22,Hibernating
14620,207,2,412.78,2,2,2,22,Hibernating
17662,663,2,412.92,1,2,2,12,Hibernating
17767,17,2,413.05,5,3,2,53,Potential_Loyalists
14082,366,2,413.36,2,2,2,22,Hibernating
13669,52,3,413.55,4,3,2,43,Potential_Loyalists
17052,30,1,413.75,4,2,2,42,Potential_Loyalists
13002,320,3,414.13,2,3,2,23,At_Risk
18278,75,2,414.2,3,2,2,32,About_to_Sleep
13565,21,3,414.8,5,3,2,53,Potential_Loyalists
16752,374,1,415.0,2,1,2,21,Hibernating
14333,69,1,415.2,3,2,2,32,About_to_Sleep
15725,17,1,415.25,5,2,2,52,Potential_Loyalists
12608,406,1,415.79,2,1,2,21,Hibernating
12930,80,2,415.8,3,2,2,32,About_to_Sleep
16356,199,6,415.87,2,4,2,24,At_Risk
16355,377,1,416.35,2,1,2,21,Hibernating
15011,397,2,416.6,2,2,2,22,Hibernating
16957,241,2,416.64,2,2,2,22,Hibernating
15935,241,2,416.86,2,2,2,22,Hibernating
16816,105,4,417.06,3,3,2,33,Need_Attention
17258,398,2,417.3,2,2,2,22,Hibernating
12833,147,1,417.38,3,2,2,32,About_to_Sleep
14762,265,2,417.57,2,2,2,22,Hibernating
16832,186,5,417.61,3,4,2,34,Loyal_Customers
16629,75,2,417.73,3,2,2,32,About_to_Sleep
17855,374,1,417.94,2,1,2,21,Hibernating
17701,254,1,417.95,2,1,2,21,Hibernating
15968,390,1,418.05,2,1,2,21,Hibernating
13073,413,2,418.08,1,2,2,12,Hibernating
12593,110,3,418.1,3,3,2,33,Need_Attention
15262,325,3,418.82,2,3,2,23,At_Risk
13079,6,6,419.18,5,4,2,54,Champions
14124,86,1,419.58,3,2,2,32,About_to_Sleep
13096,396,1,419.7,2,1,2,21,Hibernating
13442,669,3,419.87,1,3,2,13,At_Risk
13672,303,3,419.92,2,3,2,23,At_Risk
18128,539,1,420.04,1,1,2,11,Hibernating
15711,558,2,420.25,1,2,2,12,Hibernating
15894,255,2,420.29,2,2,2,22,Hibernating
15206,12,4,420.3,5,4,2,54,Champions
14757,77,1,420.5,3,2,2,32,About_to_Sleep
16773,59,3,421.24,4,3,2,43,Potential_Loyalists
13574,413,1,421.25,1,1,2,11,Hibernating
17601,241,2,421.48,2,2,2,22,Hibernating
17232,4,2,421.52,5,3,2,53,Potential_Loyalists
16149,6,3,422.22,5,3,2,53,Potential_Loyalists
18240,48,1,422.58,4,1,2,41,Promising
16689,77,2,422.6,3,2,2,32,About_to_Sleep
16137,682,1,422.7,1,1,2,11,Hibernating
13374,416,2,422.8,1,2,2,12,Hibernating
14097,483,2,422.86,1,2,2,12,Hibernating
17330,24,4,423.8,4,4,2,44,Loyal_Customers
15504,83,4,423.85,3,3,2,33,Need_Attention
16913,292,3,423.91,2,3,2,23,At_Risk
16541,737,1,424.03,1,1,2,11,Hibernating
17103,724,1,424.3,1,1,2,11,Hibernating
13703,320,2,425.56,2,2,2,22,Hibernating
15217,565,1,426.24,1,1,2,11,Hibernating
15966,452,1,426.53,1,1,2,11,Hibernating
14288,215,1,426.6,2,2,2,22,Hibernating
15930,69,1,426.63,3,2,2,32,About_to_Sleep
18152,648,1,426.69,1,1,2,11,Hibernating
17740,391,6,426.9,2,4,2,24,At_Risk
18285,662,1,427.0,1,1,2,11,Hibernating
12740,65,1,427.6,3,2,2,32,About_to_Sleep
15360,41,1,427.93,4,1,2,41,Promising
15545,56,2,428.05,4,2,2,42,Potential_Loyalists
17285,630,2,428.34,1,2,2,12,Hibernating
18089,448,1,428.45,1,1,2,11,Hibernating
16324,130,3,428.68,3,3,2,33,Need_Attention
15888,82,3,429.16,3,3,2,33,Need_Attention
15915,403,1,429.21,2,1,2,21,Hibernating
13413,641,6,429.44,1,4,2,14,At_Risk
15230,241,2,429.6,2,2,2,22,Hibernating
15461,462,2,429.7,1,2,2,12,Hibernating
15450,32,1,429.84,4,2,2,42,Potential_Loyalists
12827,7,3,430.15,5,3,2,53,Potential_Loyalists
12795,20,1,430.48,5,2,2,52,Potential_Loyalists
12452,18,2,430.57,5,3,2,53,Potential_Loyalists
17842,604,1,430.69,1,1,2,11,Hibernating
15488,94,5,431.92,3,4,2,34,Loyal_Customers
14042,727,1,431.98,1,1,2,11,Hibernating
16881,68,1,432.0,3,2,2,32,About_to_Sleep
16236,80,1,432.2,3,2,2,32,About_to_Sleep
16604,564,2,432.45,1,2,2,12,Hibernating
17687,422,1,432.68,1,1,2,11,Hibernating
16522,437,2,433.36,1,2,2,12,Hibernating
15613,612,1,433.72,1,1,2,11,Hibernating
12493,167,2,433.74,3,2,2,32,About_to_Sleep
18029,644,1,433.77,1,1,2,11,Hibernating
14581,18,2,433.8,5,3,2,53,Potential_Loyalists
14238,328,3,434.23,2,3,2,23,At_Risk
14910,4,4,434.35,5,4,2,54,Champions
15323,564,3,434.6,1,3,2,13,At_Risk
12445,24,2,434.98,4,3,2,43,Potential_Loyalists
18110,21,2,435.43,4,3,2,43,Potential_Loyalists
16166,430,2,435.83,1,2,2,12,Hibernating
14123,735,1,436.18,1,1,2,11,Hibernating
16084,301,1,436.18,2,1,2,21,Hibernating
17178,733,1,436.71,1,1,2,11,Hibernating
14877,420,2,437.0,1,2,2,12,Hibernating
12672,331,2,437.05,2,2,2,22,Hibernating
16888,402,3,437.15,2,3,2,23,At_Risk
15553,62,1,437.23,3,2,2,32,About_to_Sleep
14846,429,1,437.4,1,1,2,11,Hibernating
12552,40,2,437.82,4,2,2,42,Potential_Loyalists
17807,397,3,437.87,2,3,2,23,At_Risk
15859,434,1,438.46,1,1,2,11,Hibernating
17729,598,1,438.65,1,1,2,11,Hibernating
13964,389,2,438.9,2,2,2,22,Hibernating
13358,270,1,439.03,2,1,2,21,Hibernating
13432,573,2,439.1,1,2,2,12,Hibernating
17718,234,2,439.18,2,2,2,22,Hibernating
13086,384,1,439.33,2,1,2,21,Hibernating
16968,6,2,439.43,5,3,2,53,Potential_Loyalists
14979,737,1,439.46,1,1,2,11,Hibernating
16025,31,1,439.66,4,2,2,42,Potential_Loyalists
13954,3,2,439.92,5,3,2,53,Potential_Loyalists
18233,327,1,440.0,2,1,2,21,Hibernating
12579,80,1,440.42,3,2,2,32,About_to_Sleep
16932,55,3,440.71,4,3,2,43,Potential_Loyalists
13738,398,1,440.93,2,1,2,21,Hibernating
17699,478,2,442.0,1,2,2,12,Hibernating
14996,483,2,442.29,1,2,2,12,Hibernating
14093,14,1,442.85,5,2,2,52,Potential_Loyalists
18222,94,1,443.0,3,2,2,32,About_to_Sleep
16404,72,1,443.05,3,2,2,32,About_to_Sleep
16424,193,2,443.06,2,2,2,22,Hibernating
14638,52,1,443.6,4,1,2,41,Promising
18270,40,3,444.55,4,3,2,43,Potential_Loyalists
12788,465,4,444.9,1,3,2,13,At_Risk
18134,600,2,445.0,1,2,2,12,Hibernating
14328,440,1,445.05,1,1,2,11,Hibernating
14010,567,2,445.15,1,2,2,12,Hibernating
17070,116,2,445.32,3,3,2,33,Need_Attention
17370,74,4,446.18,3,4,2,34,Loyal_Customers
14149,222,1,446.62,2,2,2,22,Hibernating
16921,63,3,446.67,3,3,2,33,Need_Attention
16095,458,1,447.05,1,1,2,11,Hibernating
13754,153,3,447.05,3,3,2,33,Need_Attention
18201,724,1,447.53,1,1,2,11,Hibernating
14780,56,2,447.68,4,2,2,42,Potential_Loyalists
14761,60,3,447.92,3,3,2,33,Need_Attention
16939,490,3,449.0,1,3,2,13,At_Risk
15739,68,1,449.12,3,2,2,32,About_to_Sleep
12448,46,1,449.45,4,1,2,41,Promising
15126,538,2,449.49,1,2,2,12,Hibernating
13489,107,4,449.52,3,3,2,33,Need_Attention
13877,88,3,449.68,3,3,2,33,Need_Attention
14784,28,3,449.93,4,3,2,43,Potential_Loyalists
13150,486,3,449.97,1,3,2,13,At_Risk
16870,471,1,450.16,1,1,2,11,Hibernating
15124,24,4,450.82,4,4,2,44,Loyal_Customers
12831,264,3,451.11,2,3,2,23,At_Risk
15961,381,1,451.29,2,1,2,21,Hibernating
15802,144,1,451.42,3,2,2,32,About_to_Sleep
18100,552,1,451.56,1,1,2,11,Hibernating
15418,427,2,452.32,1,2,2,12,Hibernating
14184,68,1,452.89,3,2,2,32,About_to_Sleep
12729,115,1,453.01,3,2,2,32,About_to_Sleep
16481,684,1,453.38,1,1,2,11,Hibernating
18158,11,2,453.4,5,3,2,53,Potential_Loyalists
17376,72,4,453.64,3,4,2,34,Loyal_Customers
17564,26,3,454.01,4,3,2,43,Potential_Loyalists
15475,79,1,454.11,3,2,2,32,About_to_Sleep
12459,607,1,454.36,1,1,2,11,Hibernating
17067,726,3,454.54,1,3,2,13,At_Risk
16765,296,2,454.75,2,2,2,22,Hibernating
15585,178,1,455.3,3,2,2,32,About_to_Sleep
12999,198,3,455.88,2,3,2,23,At_Risk
14296,423,2,456.4,1,2,2,12,Hibernating
16039,425,2,456.4,1,2,2,12,Hibernating
12564,263,1,456.9,2,1,2,21,Hibernating
12375,12,2,457.5,5,3,2,53,Potential_Loyalists
16069,419,1,457.7,1,1,2,11,Hibernating
15121,52,2,457.72,4,2,2,42,Potential_Loyalists
14011,482,2,457.82,1,2,2,12,Hibernating
13957,419,3,458.25,1,3,2,13,At_Risk
14118,430,1,458.45,1,1,2,11,Hibernating
16310,416,2,460.08,1,2,2,12,Hibernating
12491,40,1,460.4,4,1,2,41,Promising
15540,13,2,460.68,5,3,2,53,Potential_Loyalists
14575,490,1,460.71,1,1,2,11,Hibernating
18284,433,1,461.68,1,1,2,11,Hibernating
13624,390,1,462.08,2,1,2,21,Hibernating
18031,380,1,462.1,2,1,2,21,Hibernating
14331,126,2,462.66,3,2,2,32,About_to_Sleep
14627,381,1,462.75,2,1,2,21,Hibernating
17040,139,2,463.25,3,2,2,32,About_to_Sleep
13928,12,4,464.57,5,4,2,54,Champions
17140,249,1,465.32,2,1,2,21,Hibernating
17181,59,3,465.37,4,3,2,43,Potential_Loyalists
13698,598,2,465.53,1,2,2,12,Hibernating
15036,74,3,465.55,3,3,2,33,Need_Attention
13248,126,2,465.68,3,2,2,32,About_to_Sleep
14148,235,2,466.29,2,2,2,22,Hibernating
16390,538,3,467.5,1,3,2,13,At_Risk
14029,65,2,467.66,3,2,2,32,About_to_Sleep
17187,228,2,467.71,2,2,2,22,Hibernating
17294,671,2,467.79,1,2,2,12,Hibernating
14727,276,3,467.93,2,3,2,23,At_Risk
17344,48,2,468.11,4,2,2,42,Potential_Loyalists
14491,177,2,468.13,3,2,2,32,About_to_Sleep
14335,18,2,468.26,5,3,2,53,Potential_Loyalists
13171,23,3,468.41,4,3,2,43,Potential_Loyalists
12554,450,1,468.5,1,1,2,11,Hibernating
15387,494,1,468.65,1,1,2,11,Hibernating
14369,644,2,469.13,1,2,2,12,Hibernating
14058,464,2,469.19,1,2,2,12,Hibernating
14819,66,4,470.16,3,3,2,33,Need_Attention
18083,399,1,470.73,2,1,2,21,Hibernating
17254,6,3,470.73,5,3,2,53,Potential_Loyalists
15963,21,2,470.76,4,3,2,43,Potential_Loyalists
13066,26,2,470.8,4,3,2,43,Potential_Loyalists
16473,166,4,470.83,3,4,2,34,Loyal_Customers
16038,9,3,471.78,5,3,2,53,Potential_Loyalists
14975,59,2,472.39,4,2,2,42,Potential_Loyalists
13194,137,2,472.78,3,2,2,32,About_to_Sleep
16635,408,1,473.0,2,1,2,21,Hibernating
15557,30,1,473.65,4,2,2,42,Potential_Loyalists
15349,160,2,473.81,3,2,2,32,About_to_Sleep
17104,425,1,474.03,1,1,2,11,Hibernating
14322,431,4,474.1,1,3,2,13,At_Risk
14599,392,2,474.54,2,2,2,22,Hibernating
16552,244,2,475.02,2,2,2,22,Hibernating
15780,185,3,475.28,3,3,2,33,Need_Attention
15277,48,2,476.34,4,2,2,42,Potential_Loyalists
18176,360,1,476.35,2,1,2,21,Hibernating
12447,245,1,476.49,2,1,2,21,Hibernating
17111,49,2,476.58,4,2,2,42,Potential_Loyalists
15589,257,3,478.53,2,3,2,23,At_Risk
13161,315,2,478.88,2,2,2,22,Hibernating
14052,21,2,480.81,5,3,2,53,Potential_Loyalists
15174,324,2,481.46,2,2,2,22,Hibernating
18216,33,1,481.75,4,2,2,42,Potential_Loyalists
12542,486,2,481.88,1,2,2,12,Hibernating
17996,381,3,482.33,2,3,2,23,At_Risk
16603,76,2,482.47,3,2,2,32,About_to_Sleep
15048,67,4,482.75,3,3,2,33,Need_Attention
16024,14,3,484.2,5,3,2,53,Potential_Loyalists
16504,27,1,484.38,4,2,2,42,Potential_Loyalists
16999,25,2,484.82,4,3,2,43,Potential_Loyalists
12443,734,1,485.31,1,1,2,11,Hibernating
15216,89,2,486.09,3,2,2,32,About_to_Sleep
13153,7,1,486.22,5,2,2,52,Potential_Loyalists
17453,19,2,486.72,5,3,2,53,Potential_Loyalists
13675,153,2,486.82,3,2,2,32,About_to_Sleep
13733,412,2,487.03,2,2,2,22,Hibernating
13412,622,1,487.35,1,1,2,11,Hibernating
12920,19,4,488.09,5,4,2,54,Champions
18280,279,2,488.15,2,2,2,22,Hibernating
17925,374,1,488.16,2,1,2,21,Hibernating
17988,13,14,489.54,5,5,2,55,Champions
17715,202,2,489.6,2,2,2,22,Hibernating
17476,397,2,489.86,2,2,2,22,Hibernating
12634,537,2,490.0,1,2,2,12,Hibernating
12983,600,1,490.08,1,1,2,11,Hibernating
14416,24,2,490.22,4,3,2,43,Potential_Loyalists
15000,49,1,490.52,4,1,2,41,Promising
14663,432,2,490.6,1,2,2,12,Hibernating
17106,391,1,491.23,2,1,2,21,Hibernating
13732,30,1,491.86,4,2,2,42,Potential_Loyalists
14310,434,1,492.1,1,1,2,11,Hibernating
15507,173,1,492.36,3,2,2,32,About_to_Sleep
14270,333,1,492.65,2,1,2,21,Hibernating
13176,48,1,492.84,4,1,2,41,Promising
15447,332,5,492.88,2,4,2,24,At_Risk
15958,76,4,492.99,3,3,2,33,Need_Attention
15877,3,2,493.28,5,3,2,53,Potential_Loyalists
17333,87,1,494.25,3,2,2,32,About_to_Sleep
17823,423,2,494.25,1,2,2,12,Hibernating
16352,19,2,494.44,5,3,2,53,Potential_Loyalists
14319,426,1,494.85,1,1,2,11,Hibernating
17995,283,3,495.48,2,3,2,23,At_Risk
16799,434,2,495.98,1,2,2,12,Hibernating
16977,397,4,496.0,2,3,2,23,At_Risk
15278,563,4,496.16,1,3,2,13,At_Risk
15300,66,1,496.44,3,2,2,32,About_to_Sleep
12943,560,2,496.5,1,2,2,12,Hibernating
17923,284,3,497.0,2,3,2,23,At_Risk
17680,25,3,497.45,4,3,2,43,Potential_Loyalists
16820,97,1,497.61,3,2,2,32,About_to_Sleep
17053,132,1,498.48,3,2,2,32,About_to_Sleep
17608,35,4,498.53,4,4,2,44,Loyal_Customers
14171,100,2,498.79,3,3,2,33,Need_Attention
16488,35,3,498.8,4,3,2,43,Potential_Loyalists
17256,109,5,498.93,3,4,2,34,Loyal_Customers
15193,62,1,499.32,3,2,2,32,About_to_Sleep
13428,12,3,499.98,5,3,2,53,Potential_Loyalists
12366,635,1,500.24,1,1,2,11,Hibernating
16616,17,2,500.42,5,3,2,53,Potential_Loyalists
13247,19,4,501.12,5,4,2,54,Champions
13116,140,1,501.14,3,2,2,32,About_to_Sleep
15881,314,5,501.39,2,4,2,24,At_Risk
13865,60,4,501.56,4,3,2,43,Potential_Loyalists
15138,395,1,502.52,2,1,2,21,Hibernating
12419,387,2,503.01,2,2,2,22,Hibernating
12376,391,2,503.15,2,2,2,22,Hibernating
14954,14,2,503.44,5,3,2,53,Potential_Loyalists
17630,171,2,503.6,3,2,2,32,About_to_Sleep
18203,159,4,504.42,3,3,2,33,Need_Attention
14968,32,2,504.99,4,3,2,43,Potential_Loyalists
13123,474,2,506.75,1,2,2,12,Hibernating
13885,191,2,506.8,2,2,2,22,Hibernating
15721,13,1,507.08,5,2,2,52,Potential_Loyalists
17384,21,3,507.55,4,3,2,43,Potential_Loyalists
14158,42,1,507.66,4,1,2,41,Promising
17415,81,1,507.84,3,2,2,32,About_to_Sleep
17335,385,2,508.0,2,2,2,22,Hibernating
17276,404,1,508.39,2,1,2,21,Hibernating
13067,84,3,508.51,3,3,2,33,Need_Attention
14317,66,1,508.58,3,2,2,32,About_to_Sleep
15417,87,1,508.8,3,2,2,32,About_to_Sleep
17391,165,2,508.8,3,2,2,32,About_to_Sleep
12907,397,2,508.91,2,2,2,22,Hibernating
12436,101,1,509.01,3,2,2,32,About_to_Sleep
14008,434,1,509.04,1,1,2,11,Hibernating
13710,33,3,509.52,4,3,2,43,Potential_Loyalists
12904,20,2,509.58,5,3,2,53,Potential_Loyalists
13367,433,1,510.2,1,1,2,11,Hibernating
17110,167,3,510.7,3,3,2,33,Need_Attention
16561,7,2,511.12,5,3,2,53,Potential_Loyalists
12361,289,4,511.25,2,3,2,23,At_Risk
14552,153,3,511.28,3,3,2,33,Need_Attention
16402,266,2,511.4,2,2,2,22,Hibernating
13177,66,2,512.2,3,2,2,32,About_to_Sleep
16829,158,2,513.32,3,2,2,32,About_to_Sleep
14722,149,3,513.37,3,3,2,33,Need_Attention
12897,206,4,514.25,2,4,2,24,At_Risk
17510,26,2,514.56,4,3,2,43,Potential_Loyalists
13642,217,4,514.72,2,3,2,23,At_Risk
14949,471,4,515.0,1,3,2,13,At_Risk
18243,416,1,515.78,1,1,2,11,Hibernating
13859,328,2,515.86,2,2,2,22,Hibernating
14429,405,1,516.28,2,1,2,21,Hibernating
13043,275,1,516.42,2,1,2,21,Hibernating
14311,244,2,516.45,2,2,2,22,Hibernating
18205,38,2,517.36,4,2,2,42,Potential_Loyalists
12977,158,4,517.63,3,3,2,33,Need_Attention
12979,731,1,517.7,1,1,2,11,Hibernating
17266,4,5,517.73,5,4,2,54,Champions
13553,676,1,517.8,1,1,2,11,Hibernating
13600,314,2,518.42,2,2,2,22,Hibernating
12825,523,2,518.63,1,2,2,12,Hibernating
14807,392,2,519.29,2,2,2,22,Hibernating
12777,459,1,519.45,1,1,2,11,Hibernating
12571,41,2,519.61,4,2,2,42,Potential_Loyalists
13977,413,1,519.81,1,1,2,11,Hibernating
14647,203,2,519.97,2,2,2,22,Hibernating
15689,121,3,521.03,3,3,2,33,Need_Attention
12956,308,4,521.89,2,3,2,23,At_Risk
13605,389,2,522.67,2,2,2,22,Hibernating
17712,46,1,522.91,4,1,2,41,Promising
13277,17,7,523.3,5,4,2,54,Champions
15891,228,1,524.52,2,1,2,21,Hibernating
15683,119,2,524.54,3,2,2,32,About_to_Sleep
15467,11,3,524.88,5,3,2,53,Potential_Loyalists
16421,378,3,526.27,2,3,2,23,At_Risk
18011,375,2,527.03,2,2,2,22,Hibernating
12479,13,1,527.2,5,2,2,52,Potential_Loyalists
14616,244,5,527.78,2,4,2,24,At_Risk
16413,58,2,528.98,4,2,2,42,Potential_Loyalists
18191,263,2,529.4,2,2,2,22,Hibernating
17458,17,2,529.58,5,3,2,53,Potential_Loyalists
14002,136,2,529.73,3,2,2,32,About_to_Sleep
18159,303,1,530.15,2,1,2,21,Hibernating
17765,160,4,530.8,3,3,2,33,Need_Attention
16706,39,3,531.35,4,3,2,43,Potential_Loyalists
16583,375,2,531.4,2,2,2,22,Hibernating
14940,419,2,531.49,1,2,2,12,Hibernating
15115,20,2,531.85,5,3,2,53,Potential_Loyalists
16021,397,2,532.25,2,2,2,22,Hibernating
15659,45,3,532.49,4,3,2,43,Potential_Loyalists
15825,174,1,532.94,3,2,2,32,About_to_Sleep
15756,63,4,532.96,3,3,2,33,Need_Attention
15433,215,2,533.3,2,2,2,22,Hibernating
13594,54,2,533.32,4,2,2,42,Potential_Loyalists
16785,411,1,533.78,2,1,2,21,Hibernating
17436,3,5,534.06,5,4,2,54,Champions
17443,221,1,534.24,2,2,2,22,Hibernating
13385,331,1,534.57,2,1,2,21,Hibernating
13807,369,3,534.8,2,3,2,23,At_Risk
12810,536,2,534.99,1,2,2,12,Hibernating
16935,383,3,535.1,2,3,2,23,At_Risk
12988,294,1,535.32,2,1,2,21,Hibernating
16142,251,1,535.34,2,1,2,21,Hibernating
15890,396,5,535.65,2,4,2,24,At_Risk
13207,17,4,535.86,5,4,2,54,Champions
18140,475,1,536.41,1,1,2,11,Hibernating
16804,25,3,536.99,4,3,2,43,Potential_Loyalists
17269,387,1,537.46,2,1,2,21,Hibernating
14539,17,2,537.48,5,3,2,53,Potential_Loyalists
13961,394,1,538.4,2,1,2,21,Hibernating
15539,9,1,538.46,5,2,2,52,Potential_Loyalists
13812,44,3,539.0,4,3,2,43,Potential_Loyalists
17524,363,3,539.14,2,3,2,23,At_Risk
12958,402,2,539.49,2,2,2,22,Hibernating
12819,460,1,540.52,1,1,2,11,Hibernating
16576,422,2,540.87,1,2,2,12,Hibernating
17643,375,2,541.25,2,2,2,22,Hibernating
17447,42,2,541.53,4,2,2,42,Potential_Loyalists
16647,171,4,541.9,3,3,2,33,Need_Attention
16060,402,3,541.95,2,3,2,23,At_Risk
16230,191,2,542.03,2,3,2,23,At_Risk
15675,83,4,542.04,3,3,2,33,Need_Attention
13785,430,4,542.49,1,3,2,13,At_Risk
17514,130,2,542.83,3,2,2,32,About_to_Sleep
16927,117,3,543.05,3,3,2,33,Need_Attention
13390,76,1,544.08,3,2,2,32,About_to_Sleep
16475,90,4,544.3,3,3,2,33,Need_Attention
18207,501,1,544.47,1,1,2,11,Hibernating
15728,381,2,544.6,2,2,2,22,Hibernating
13955,156,3,545.17,3,3,2,33,Need_Attention
17580,254,5,545.27,2,4,2,24,At_Risk
17806,13,1,546.04,5,2,2,52,Potential_Loyalists
17248,122,2,546.16,3,2,2,32,About_to_Sleep
15080,429,2,546.25,1,2,2,12,Hibernating
12743,136,2,546.43,3,2,2,32,About_to_Sleep
18212,328,2,546.72,2,2,2,22,Hibernating
17520,55,1,546.81,4,1,2,41,Promising
17637,33,2,547.06,4,3,2,43,Potential_Loyalists
16811,6,2,547.07,5,3,2,53,Potential_Loyalists
15598,55,2,548.02,4,2,2,42,Potential_Loyalists
13948,362,4,548.76,2,3,2,23,At_Risk
15842,395,2,548.8,2,2,2,22,Hibernating
16031,94,2,548.94,3,2,2,32,About_to_Sleep
16536,112,1,548.97,3,2,2,32,About_to_Sleep
15200,496,1,549.05,1,1,2,11,Hibernating
12390,81,1,549.84,3,2,2,32,About_to_Sleep
17291,310,1,550.8,2,1,2,21,Hibernating
18098,398,1,550.84,2,1,2,21,Hibernating
16707,402,4,551.11,2,3,2,23,At_Risk
16936,27,2,551.17,4,3,2,43,Potential_Loyalists
12363,111,2,552.0,3,2,2,32,About_to_Sleep
17016,578,1,552.4,1,1,2,11,Hibernating
16406,20,3,552.68,5,3,2,53,Potential_Loyalists
17407,413,1,552.9,1,1,2,11,Hibernating
15650,523,2,553.88,1,2,2,12,Hibernating
16641,107,2,554.5,3,3,2,33,Need_Attention
18056,290,2,554.6,2,2,2,22,Hibernating
15634,19,2,554.65,5,3,2,53,Potential_Loyalists
15102,532,2,554.67,1,2,2,12,Hibernating
13024,472,2,555.87,1,2,2,12,Hibernating
13677,406,2,556.19,2,2,2,22,Hibernating
16519,27,4,556.26,4,4,2,44,Loyal_Customers
18049,439,2,556.52,1,2,2,12,Hibernating
17295,30,3,556.95,4,3,2,43,Potential_Loyalists
13260,63,1,557.62,3,2,2,32,About_to_Sleep
17503,4,2,558.96,5,3,2,53,Potential_Loyalists
16414,23,5,559.71,4,4,2,44,Loyal_Customers
14273,53,4,559.97,4,4,2,44,Loyal_Customers
15055,476,3,560.07,1,3,2,13,At_Risk
17413,406,2,560.14,2,2,2,22,Hibernating
15917,249,5,560.63,2,4,2,24,At_Risk
15655,245,1,560.67,2,1,2,21,Hibernating
17233,37,3,560.86,4,3,2,43,Potential_Loyalists
18127,21,4,561.53,4,4,2,44,Loyal_Customers
12559,312,2,561.71,2,2,2,22,Hibernating
16111,430,1,562.48,1,1,2,11,Hibernating
17265,140,2,562.9,3,2,2,32,About_to_Sleep
17195,657,1,562.98,1,1,2,11,Hibernating
17665,495,1,563.1,1,1,2,11,Hibernating
15597,37,2,563.37,4,2,2,42,Potential_Loyalists
15143,227,2,563.63,2,2,2,22,Hibernating
15344,2,3,563.94,5,3,2,53,Potential_Loyalists
13894,25,3,564.62,4,3,2,43,Potential_Loyalists
14716,45,3,565.45,4,3,2,43,Potential_Loyalists
18150,34,3,566.58,4,3,2,43,Potential_Loyalists
13998,448,3,566.7,1,3,2,13,At_Risk
15627,459,2,566.9,1,2,2,12,Hibernating
14986,378,2,566.9,2,2,2,22,Hibernating
14208,96,2,567.05,3,2,2,32,About_to_Sleep
13321,74,2,567.36,3,2,2,32,About_to_Sleep
18244,432,2,568.64,1,2,2,12,Hibernating
13406,429,2,568.92,1,2,2,12,Hibernating
15169,384,2,569.22,2,2,2,22,Hibernating
17433,90,2,569.96,3,2,2,32,About_to_Sleep
16667,70,2,570.13,3,2,2,32,About_to_Sleep
14592,37,3,570.46,4,3,2,43,Potential_Loyalists
15857,20,2,570.48,5,3,2,53,Potential_Loyalists
17122,121,4,570.5,3,4,2,34,Loyal_Customers
15315,66,2,570.5,3,2,2,32,About_to_Sleep
13190,546,3,570.66,1,3,2,13,At_Risk
15821,46,2,570.96,4,2,2,42,Potential_Loyalists
18053,72,3,571.07,3,3,2,33,Need_Attention
15691,254,4,571.3,2,3,2,23,At_Risk
15198,94,5,571.35,3,4,2,34,Loyal_Customers
15920,156,9,571.64,3,5,2,35,Loyal_Customers
13816,25,2,571.67,4,3,2,43,Potential_Loyalists
12816,97,2,572.2,3,2,2,32,About_to_Sleep
14053,126,4,572.3,3,3,2,33,Need_Attention
13179,620,1,572.31,1,1,2,11,Hibernating
13379,28,3,572.56,4,3,2,43,Potential_Loyalists
13424,451,1,572.77,1,1,2,11,Hibernating
15415,315,1,572.81,2,1,2,21,Hibernating
12879,46,3,573.22,4,3,2,43,Potential_Loyalists
13262,265,3,573.45,2,3,2,23,At_Risk
12859,460,1,575.1,1,1,2,11,Hibernating
17557,16,4,575.46,5,4,2,54,Champions
15830,39,1,576.0,4,1,2,41,Promising
17274,37,2,577.38,4,2,2,42,Potential_Loyalists
18262,142,3,577.54,3,3,2,33,Need_Attention
18039,376,4,579.17,2,3,2,23,At_Risk
15959,684,3,579.49,1,3,2,13,At_Risk
15588,679,1,579.6,1,1,2,11,Hibernating
16596,17,4,579.63,5,4,2,54,Champions
14742,437,1,579.85,1,1,2,11,Hibernating
17099,535,1,582.17,1,1,2,11,Hibernating
17970,213,1,582.59,2,2,2,22,Hibernating
16802,681,2,582.61,1,2,2,12,Hibernating
16100,464,1,582.64,1,1,2,11,Hibernating
15918,192,3,582.88,2,3,2,23,At_Risk
16001,383,1,583.39,2,1,2,21,Hibernating
15762,67,2,583.75,3,2,2,32,About_to_Sleep
14023,9,2,584.07,5,3,2,53,Potential_Loyalists
12800,472,3,584.25,1,3,2,13,At_Risk
17773,516,2,585.27,1,2,2,12,Hibernating
12384,30,2,585.27,4,3,2,43,Potential_Loyalists
14173,12,6,586.0,5,4,2,54,Champions
17014,10,3,586.33,5,3,2,53,Potential_Loyalists
15191,465,3,588.05,1,3,2,13,At_Risk
15624,118,4,588.13,3,4,2,34,Loyal_Customers
15160,359,4,589.27,2,3,2,23,At_Risk
17098,383,3,591.07,2,3,2,23,At_Risk
15524,26,2,591.4,4,3,2,43,Potential_Loyalists
17483,67,4,591.73,3,3,2,33,Need_Attention
12790,194,2,591.85,2,2,2,22,Hibernating
17156,493,1,591.87,1,1,2,11,Hibernating
17815,395,1,591.96,2,1,2,21,Hibernating
13472,465,2,592.24,1,2,2,12,Hibernating
18232,83,4,592.97,3,3,2,33,Need_Attention
14746,408,4,593.5,2,3,2,23,At_Risk
15442,250,1,594.0,2,1,2,21,Hibernating
15929,646,1,594.0,1,1,2,11,Hibernating
14771,623,2,594.62,1,2,2,12,Hibernating
17658,27,2,595.42,4,3,2,43,Potential_Loyalists
15346,334,3,596.12,2,3,2,23,At_Risk
15631,644,1,596.67,1,1,2,11,Hibernating
13684,287,4,596.98,2,3,2,23,At_Risk
14170,377,3,597.33,2,3,2,23,At_Risk
15424,256,3,597.78,2,3,2,23,At_Risk
17845,557,4,598.19,1,3,2,13,At_Risk
13311,6,2,598.57,5,3,2,53,Potential_Loyalists
14569,3,4,598.98,5,4,2,54,Champions
14965,98,2,599.0,3,3,2,33,Need_Attention
12521,144,1,599.68,3,2,2,32,About_to_Sleep
17678,265,2,599.76,2,2,2,22,Hibernating
18211,27,5,600.07,4,4,2,44,Loyal_Customers
17745,479,2,600.34,1,2,2,12,Hibernating
12420,65,1,600.39,3,2,2,32,About_to_Sleep
14254,434,1,601.03,1,1,2,11,Hibernating
12654,12,5,601.98,5,4,2,54,Champions
14670,282,3,602.0,2,3,2,23,At_Risk
17890,324,2,602.09,2,2,2,22,Hibernating
16080,83,4,602.56,3,3,2,33,Need_Attention
16445,35,4,602.73,4,4,2,44,Loyal_Customers
18264,500,1,603.25,1,1,2,11,Hibernating
12707,293,1,603.42,2,1,2,21,Hibernating
13106,135,2,603.46,3,2,2,32,About_to_Sleep
12556,52,2,603.71,4,2,2,42,Potential_Loyalists
14417,389,1,604.2,2,1,2,21,Hibernating
14611,445,2,604.33,1,2,2,12,Hibernating
17270,471,2,604.4,1,2,2,12,Hibernating
12944,37,2,604.51,4,2,2,42,Potential_Loyalists
16321,74,7,604.55,3,4,2,34,Loyal_Customers
14323,116,2,605.06,3,3,2,33,Need_Attention
13558,7,4,605.06,5,4,2,54,Champions
16780,102,3,605.55,3,3,2,33,Need_Attention
17507,263,2,605.58,2,2,2,22,Hibernating
16590,402,2,605.9,2,2,2,22,Hibernating
15158,47,2,606.02,4,2,2,42,Potential_Loyalists
17119,5,2,606.91,5,3,2,53,Potential_Loyalists
17473,410,2,607.0,2,2,2,22,Hibernating
15717,236,5,607.0,2,4,2,24,At_Risk
15018,40,3,607.46,4,3,2,43,Potential_Loyalists
13933,111,2,608.79,3,2,2,32,About_to_Sleep
16675,443,2,608.86,1,2,2,12,Hibernating
17707,187,8,609.3,3,4,2,34,Loyal_Customers
17325,282,3,609.57,2,3,2,23,At_Risk
14636,38,2,609.85,4,2,2,42,Potential_Loyalists
13731,221,2,610.59,2,2,2,22,Hibernating
16922,574,1,611.08,1,1,2,11,Hibernating
17209,651,3,611.6,1,3,2,13,At_Risk
15232,115,2,612.06,3,3,2,33,Need_Attention
13008,325,3,612.13,2,3,2,23,At_Risk
12513,114,1,612.29,3,2,2,32,About_to_Sleep
16589,73,4,612.36,3,4,2,34,Loyal_Customers
16178,140,2,612.6,3,2,2,32,About_to_Sleep
16116,213,1,612.78,2,2,2,22,Hibernating
15362,450,2,613.08,1,2,2,12,Hibernating
17035,247,4,613.59,2,3,2,23,At_Risk
13832,21,2,613.69,4,3,2,43,Potential_Loyalists
14570,282,3,613.75,2,3,2,23,At_Risk
16844,564,2,614.34,1,2,2,12,Hibernating
16566,17,5,614.66,5,4,2,54,Champions
15748,42,3,614.76,4,3,2,43,Potential_Loyalists
16847,45,2,614.89,4,2,2,42,Potential_Loyalists
14077,42,6,615.08,4,4,2,44,Loyal_Customers
15275,39,1,615.14,4,1,2,41,Promising
17639,278,6,615.17,2,4,2,24,At_Risk
16311,19,2,616.26,5,3,2,53,Potential_Loyalists
13369,367,1,616.56,2,1,2,21,Hibernating
14377,193,2,617.05,2,2,2,22,Hibernating
15956,553,2,617.6,1,2,2,12,Hibernating
13301,105,4,618.09,3,3,2,33,Need_Attention
12596,53,2,618.27,4,2,2,42,Potential_Loyalists
16613,72,1,618.59,3,2,3,32,About_to_Sleep
13493,277,2,618.63,2,2,3,22,Hibernating
14079,126,2,618.73,3,2,3,32,About_to_Sleep
13020,564,2,618.96,1,2,3,12,Hibernating
16776,62,2,619.85,3,2,3,32,About_to_Sleep
14529,62,3,620.04,3,3,3,33,Need_Attention
12667,60,1,620.13,4,2,3,42,Potential_Loyalists
14339,244,2,620.27,2,2,3,22,Hibernating
13836,401,2,620.37,2,2,3,22,Hibernating
14115,503,2,622.67,1,2,3,12,Hibernating
12575,459,2,622.82,1,2,3,12,Hibernating
15258,170,2,623.16,3,2,3,32,About_to_Sleep
16792,284,5,623.46,2,4,3,24,At_Risk
15147,242,1,623.5,2,1,3,21,Hibernating
16750,46,5,623.93,4,4,3,44,Loyal_Customers
13776,430,2,623.98,1,2,3,12,Hibernating
14169,432,2,624.43,1,2,3,12,Hibernating
16715,80,2,625.52,3,2,3,32,About_to_Sleep
14793,23,2,625.9,4,3,3,43,Potential_Loyalists
13914,13,2,626.45,5,3,3,53,Potential_Loyalists
17392,308,3,626.56,2,3,3,23,At_Risk
14036,286,1,626.65,2,1,3,21,Hibernating
13480,418,2,627.82,1,2,3,12,Hibernating
14455,434,4,628.21,1,3,3,13,At_Risk
16022,262,1,628.28,2,1,3,21,Hibernating
16158,524,9,628.32,1,5,3,15,Cant_Loose
14283,465,4,628.44,1,3,3,13,At_Risk
13525,16,2,628.78,5,3,3,53,Potential_Loyalists
18101,13,5,629.16,5,4,3,54,Champions
15016,174,5,630.3,3,4,3,34,Loyal_Customers
16193,238,2,630.43,2,2,3,22,Hibernating
13706,304,2,631.17,2,2,3,22,Hibernating
14381,54,2,631.34,4,2,3,42,Potential_Loyalists
13444,376,2,631.68,2,2,3,22,Hibernating
13822,7,2,632.0,5,3,3,53,Potential_Loyalists
18183,229,2,632.07,2,2,3,22,Hibernating
14237,375,2,632.14,2,2,3,22,Hibernating
13540,469,3,632.39,1,3,3,13,At_Risk
15666,474,2,632.94,1,2,3,12,Hibernating
14219,6,3,633.83,5,3,3,53,Potential_Loyalists
16330,19,7,634.33,5,4,3,54,Champions
14365,396,2,634.68,2,2,3,22,Hibernating
14594,9,2,634.83,5,3,3,53,Potential_Loyalists
17985,24,1,634.95,4,2,3,42,Potential_Loyalists
17334,304,3,635.15,2,3,3,23,At_Risk
16534,644,1,635.9,1,1,3,11,Hibernating
15829,101,2,636.14,3,3,3,33,Need_Attention
17134,108,3,637.1,3,3,3,33,Need_Attention
14664,21,2,637.89,4,3,3,43,Potential_Loyalists
12699,419,1,638.11,1,1,3,11,Hibernating
17998,382,3,639.24,2,3,3,23,At_Risk
12734,354,3,639.65,2,3,3,23,At_Risk
15183,549,3,639.93,1,3,3,13,At_Risk
12880,383,2,640.13,2,2,3,22,Hibernating
16368,4,3,640.21,5,3,3,53,Potential_Loyalists
12538,31,2,640.45,4,3,3,43,Potential_Loyalists
13318,3,3,640.76,5,3,3,53,Potential_Loyalists
12624,108,2,641.13,3,3,3,33,Need_Attention
12365,293,2,641.38,2,2,3,22,Hibernating
14537,59,2,641.4,4,2,3,42,Potential_Loyalists
16399,21,3,641.82,5,3,3,53,Potential_Loyalists
15297,12,3,641.94,5,3,3,53,Potential_Loyalists
16431,215,3,642.81,2,3,3,23,At_Risk
13237,389,1,643.0,2,1,3,21,Hibernating
17312,140,3,644.3,3,3,3,33,Need_Attention
16185,18,3,644.72,5,3,3,53,Potential_Loyalists
12719,7,2,644.95,5,3,3,53,Potential_Loyalists
17380,436,3,645.0,1,3,3,13,At_Risk
14024,123,3,645.74,3,3,3,33,Need_Attention
16412,55,5,647.23,4,4,3,44,Loyal_Customers
12844,31,4,648.6,4,4,3,44,Loyal_Customers
15276,68,4,649.53,3,4,3,34,Loyal_Customers
16969,41,3,650.41,4,3,3,43,Potential_Loyalists
16734,54,3,650.51,4,3,3,43,Potential_Loyalists
12855,374,4,650.94,2,3,3,23,At_Risk
13840,418,1,651.4,1,1,3,11,Hibernating
17963,473,4,651.51,1,3,3,13,At_Risk
14034,24,3,651.82,4,3,3,43,Potential_Loyalists
17523,13,4,652.74,5,4,3,54,Champions
15205,87,2,653.24,3,2,3,32,About_to_Sleep
13496,12,2,653.33,5,3,3,53,Potential_Loyalists
17398,116,3,653.38,3,3,3,33,Need_Attention
16117,191,3,654.4,2,3,3,23,At_Risk
14558,656,3,655.5,1,3,3,13,At_Risk
16708,47,1,656.63,4,1,3,41,Promising
16157,17,3,656.69,5,3,3,53,Potential_Loyalists
17459,45,2,657.3,4,2,3,42,Potential_Loyalists
15648,206,2,657.35,2,2,3,22,Hibernating
16696,137,4,657.9,3,3,3,33,Need_Attention
15715,557,5,658.02,1,4,3,14,At_Risk
13433,503,4,658.32,1,3,3,13,At_Risk
17779,23,3,658.57,4,3,3,43,Potential_Loyalists
14150,37,2,658.64,4,2,3,42,Potential_Loyalists
13622,698,1,658.95,1,1,3,11,Hibernating
13759,35,2,659.41,4,3,3,43,Potential_Loyalists
13518,87,1,659.44,3,2,3,32,About_to_Sleep
15492,30,2,659.46,4,3,3,43,Potential_Loyalists
15405,191,2,659.84,2,2,3,22,Hibernating
14603,276,1,660.0,2,1,3,21,Hibernating
16428,415,3,660.28,1,3,3,13,At_Risk
17375,201,4,660.55,2,3,3,23,At_Risk
13820,420,3,660.65,1,3,3,13,At_Risk
16887,37,3,660.72,4,3,3,43,Potential_Loyalists
12386,339,2,660.8,2,2,3,22,Hibernating
13028,24,2,661.32,4,3,3,43,Potential_Loyalists
14425,436,3,661.39,1,3,3,13,At_Risk
16862,549,4,662.33,1,3,3,13,At_Risk
13864,388,1,662.4,2,1,3,21,Hibernating
17371,19,6,662.55,5,4,3,54,Champions
17852,13,5,663.21,5,4,3,54,Champions
15350,375,2,663.25,2,2,3,22,Hibernating
16573,86,2,663.61,3,2,3,32,About_to_Sleep
13474,238,3,663.79,2,3,3,23,At_Risk
14720,7,3,663.81,5,3,3,53,Potential_Loyalists
15643,193,3,664.0,2,3,3,23,At_Risk
16132,546,2,664.2,1,2,3,12,Hibernating
16056,47,1,664.85,4,1,3,41,Promising
14452,12,4,665.59,5,4,3,54,Champions
17105,161,2,665.78,3,2,3,32,About_to_Sleep
17777,26,3,665.86,4,3,3,43,Potential_Loyalists
13217,124,4,666.48,3,3,3,33,Need_Attention
16268,73,2,667.65,3,2,3,32,About_to_Sleep
13741,73,3,668.43,3,3,3,33,Need_Attention
17418,44,3,670.06,4,3,3,43,Potential_Loyalists
13398,194,2,670.34,2,2,3,22,Hibernating
17709,171,5,671.01,3,4,3,34,Loyal_Customers
17011,32,3,671.7,4,3,3,43,Potential_Loyalists
16226,205,5,672.17,2,4,3,24,At_Risk
16648,44,3,672.8,4,3,3,43,Potential_Loyalists
18121,151,2,673.1,3,2,3,32,About_to_Sleep
14504,49,4,673.26,4,3,3,43,Potential_Loyalists
15562,353,3,673.38,2,3,3,23,At_Risk
13951,178,3,674.45,3,3,3,33,Need_Attention
13355,124,1,674.7,3,2,3,32,About_to_Sleep
13325,83,1,675.3,3,2,3,32,About_to_Sleep
17462,62,2,675.69,3,2,3,32,About_to_Sleep
13040,10,2,676.99,5,3,3,53,Potential_Loyalists
13974,51,2,677.72,4,2,3,42,Potential_Loyalists
13925,94,4,678.25,3,3,3,33,Need_Attention
14182,445,4,678.77,1,3,3,13,At_Risk
16646,451,1,678.8,1,1,3,11,Hibernating
17782,384,2,679.02,2,2,3,22,Hibernating
14563,511,2,679.44,1,2,3,12,Hibernating
14151,675,2,679.45,1,2,3,12,Hibernating
13430,20,2,679.45,5,3,3,53,Potential_Loyalists
13809,307,3,679.7,2,3,3,23,At_Risk
13524,42,5,680.18,4,4,3,44,Loyal_Customers
18271,611,2,680.85,1,2,3,12,Hibernating
12478,5,1,680.99,5,2,3,52,Potential_Loyalists
12601,191,6,681.26,2,4,3,24,At_Risk
13987,381,2,682.54,2,2,3,22,Hibernating
15582,26,3,682.91,4,3,3,43,Potential_Loyalists
14222,179,1,683.17,3,2,3,32,About_to_Sleep
17874,187,6,683.46,3,4,3,34,Loyal_Customers
15207,418,3,683.92,1,3,3,13,At_Risk
16601,42,3,684.25,4,3,3,43,Potential_Loyalists
15669,42,4,684.34,4,4,3,44,Loyal_Customers
16495,5,3,684.41,5,3,3,53,Potential_Loyalists
13585,532,3,684.54,1,3,3,13,At_Risk
18123,26,3,684.59,4,3,3,43,Potential_Loyalists
15219,178,2,685.45,3,2,3,32,About_to_Sleep
15257,285,2,685.9,2,2,3,22,Hibernating
12658,20,1,686.05,5,2,3,52,Potential_Loyalists
17935,140,7,686.14,3,4,3,34,Loyal_Customers
16824,17,3,686.24,5,3,3,53,Potential_Loyalists
13898,327,2,686.4,2,2,3,22,Hibernating
15880,371,1,686.56,2,1,3,21,Hibernating
14809,623,2,686.76,1,2,3,12,Hibernating
16343,18,3,687.07,5,3,3,53,Potential_Loyalists
17962,144,4,687.42,3,3,3,33,Need_Attention
18017,83,4,688.0,3,3,3,33,Need_Attention
12450,158,5,688.2,3,4,3,34,Loyal_Customers
12837,175,2,688.41,3,2,3,32,About_to_Sleep
15361,363,4,689.07,2,3,3,23,At_Risk
17502,11,4,689.1,5,4,3,54,Champions
16545,166,2,689.82,3,2,3,32,About_to_Sleep
15184,31,4,689.95,4,4,3,44,Loyal_Customers
12817,283,3,690.98,2,3,3,23,At_Risk
17733,40,2,692.19,4,2,3,42,Potential_Loyalists
14111,16,4,692.85,5,4,3,54,Champions
13101,236,4,695.4,2,3,3,23,At_Risk
14959,66,4,695.42,3,3,3,33,Need_Attention
16704,620,2,695.66,1,2,3,12,Hibernating
15995,416,1,696.19,1,1,3,11,Hibernating
15700,174,2,696.68,3,2,3,32,About_to_Sleep
13596,7,2,697.04,5,3,3,53,Potential_Loyalists
14497,311,2,697.06,2,2,3,22,Hibernating
15053,6,3,697.79,5,3,3,53,Potential_Loyalists
16018,41,4,698.13,4,4,3,44,Loyal_Customers
13242,114,7,699.4,3,4,3,34,Loyal_Customers
17163,23,4,699.78,4,4,3,44,Loyal_Customers
14356,81,2,701.23,3,2,3,32,About_to_Sleep
13833,161,2,701.36,3,2,3,32,About_to_Sleep
14324,411,2,701.61,2,2,3,22,Hibernating
16997,290,3,702.0,2,3,3,23,At_Risk
14699,216,4,702.6,2,3,3,23,At_Risk
15901,18,7,703.22,5,4,3,54,Champions
15103,33,2,703.36,4,3,3,43,Potential_Loyalists
18082,27,1,703.37,4,2,3,42,Potential_Loyalists
12883,26,4,703.47,4,4,3,44,Loyal_Customers
12612,76,1,704.04,3,2,3,32,About_to_Sleep
16882,68,3,705.12,3,3,3,33,Need_Attention
16015,5,3,705.39,5,3,3,53,Potential_Loyalists
14880,79,3,706.19,3,3,3,33,Need_Attention
17976,374,1,706.38,2,1,3,21,Hibernating
16309,108,2,706.57,3,3,3,33,Need_Attention
13626,254,2,707.04,2,2,3,22,Hibernating
16364,13,2,707.04,5,3,3,53,Potential_Loyalists
12453,136,1,707.09,3,2,3,32,About_to_Sleep
16449,199,2,707.69,2,2,3,22,Hibernating
14398,403,2,707.79,2,2,3,22,Hibernating
12485,531,1,708.1,1,1,3,11,Hibernating
13927,76,2,708.26,3,2,3,32,About_to_Sleep
13103,41,3,709.64,4,3,3,43,Potential_Loyalists
16885,17,4,710.74,5,4,3,54,Champions
15127,67,2,711.5,3,2,3,32,About_to_Sleep
14470,13,3,712.04,5,3,3,53,Potential_Loyalists
17761,34,1,712.78,4,2,3,42,Potential_Loyalists
13147,12,4,712.8,5,4,3,54,Champions
14026,472,2,713.11,1,2,3,12,Hibernating
13512,262,4,713.39,2,3,3,23,At_Risk
17051,196,4,714.39,2,3,3,23,At_Risk
15330,34,2,714.96,4,3,3,43,Potential_Loyalists
12492,65,3,715.21,3,3,3,33,Need_Attention
16274,375,1,715.9,2,1,3,21,Hibernating
12535,93,2,716.35,3,2,3,32,About_to_Sleep
15274,6,2,716.57,5,3,3,53,Potential_Loyalists
16526,173,2,717.21,3,2,3,32,About_to_Sleep
12890,26,2,717.27,4,3,3,43,Potential_Loyalists
12573,229,5,717.41,2,4,3,24,At_Risk
16269,439,1,717.57,1,1,3,11,Hibernating
13604,660,1,717.62,1,1,3,11,Hibernating
13537,427,2,717.85,1,2,3,12,Hibernating
16415,46,3,719.44,4,3,3,43,Potential_Loyalists
14179,42,2,719.78,4,2,3,42,Potential_Loyalists
16023,48,3,719.81,4,3,3,43,Potential_Loyalists
13441,93,2,720.9,3,2,3,32,About_to_Sleep
13057,532,3,722.09,1,3,3,13,At_Risk
17561,21,4,722.34,4,4,3,44,Loyal_Customers
13264,444,1,722.56,1,1,3,11,Hibernating
15368,23,2,722.74,4,3,3,43,Potential_Loyalists
17572,73,10,723.01,3,5,3,35,Loyal_Customers
14798,54,8,724.31,4,4,3,44,Loyal_Customers
13729,437,3,724.73,1,3,3,13,At_Risk
18187,633,1,724.89,1,1,3,11,Hibernating
12723,5,5,725.07,5,4,3,54,Champions
12519,65,2,726.54,3,2,3,32,About_to_Sleep
17374,220,3,727.11,2,3,3,23,At_Risk
17547,377,2,727.85,2,2,3,22,Hibernating
12786,611,1,728.5,1,1,3,11,Hibernating
18163,586,1,728.84,1,1,3,11,Hibernating
12925,6,3,729.33,5,3,3,53,Potential_Loyalists
13452,261,3,729.8,2,3,3,23,At_Risk
17834,416,2,730.47,1,2,3,12,Hibernating
13921,404,4,730.7,2,3,3,23,At_Risk
14778,129,2,730.86,3,2,3,32,About_to_Sleep
17999,39,3,730.9,4,3,3,43,Potential_Loyalists
17681,599,5,731.2,1,4,3,14,At_Risk
17548,235,4,731.26,2,4,3,24,At_Risk
17825,600,4,731.96,1,3,3,13,At_Risk
13575,25,5,732.07,4,4,3,44,Loyal_Customers
12537,410,1,732.94,2,1,3,21,Hibernating
17615,132,6,733.2,3,4,3,34,Loyal_Customers
17964,33,2,733.46,4,3,3,43,Potential_Loyalists
17756,377,3,733.7,2,3,3,23,At_Risk
15938,114,9,734.81,3,5,3,35,Loyal_Customers
13286,602,1,734.91,1,1,3,11,Hibernating
17430,34,4,735.17,4,4,3,44,Loyal_Customers
12527,83,5,735.51,3,4,3,34,Loyal_Customers
15045,153,2,735.66,3,2,3,32,About_to_Sleep
13780,9,3,735.82,5,3,3,53,Potential_Loyalists
16075,504,2,736.93,1,2,3,12,Hibernating
15462,96,4,737.05,3,4,3,34,Loyal_Customers
15922,375,1,739.0,2,1,3,21,Hibernating
12603,23,1,739.2,4,2,3,42,Potential_Loyalists
13721,38,2,741.54,4,2,3,42,Potential_Loyalists
18275,580,2,741.85,1,2,3,12,Hibernating
15720,26,2,741.92,4,3,3,43,Potential_Loyalists
12465,19,2,742.19,5,3,3,53,Potential_Loyalists
17005,472,2,742.36,1,2,3,12,Hibernating
14302,432,3,742.9,1,3,3,13,At_Risk
15420,436,6,743.0,1,4,3,14,At_Risk
16730,54,3,743.11,4,3,3,43,Potential_Loyalists
17038,32,2,743.17,4,3,3,43,Potential_Loyalists
13713,410,3,743.26,2,3,3,23,At_Risk
13354,73,1,743.53,3,2,3,32,About_to_Sleep
12871,86,3,744.02,3,3,3,33,Need_Attention
13236,26,2,744.85,4,3,3,43,Potential_Loyalists
13950,13,4,745.06,5,4,3,54,Champions
14228,439,3,745.5,1,3,3,13,At_Risk
18190,194,5,745.62,2,4,3,24,At_Risk
16465,422,2,746.24,1,2,3,12,Hibernating
14050,33,2,746.36,4,3,3,43,Potential_Loyalists
14942,403,4,746.56,2,3,3,23,At_Risk
15656,47,4,748.5,4,3,3,43,Potential_Loyalists
14048,307,3,748.69,2,3,3,23,At_Risk
14923,52,1,749.1,4,1,3,41,Promising
13070,194,4,751.7,2,3,3,23,At_Risk
13730,137,2,752.6,3,2,3,32,About_to_Sleep
17579,6,4,753.28,5,4,3,54,Champions
17141,420,4,754.33,1,3,3,13,At_Risk
18104,39,1,754.64,4,1,3,41,Promising
16262,380,1,755.15,2,1,3,21,Hibernating
17461,24,3,757.46,4,3,3,43,Potential_Loyalists
17979,37,4,757.71,4,3,3,43,Potential_Loyalists
15568,4,3,758.29,5,3,3,53,Potential_Loyalists
18246,25,3,758.82,4,3,3,43,Potential_Loyalists
17425,21,2,759.17,5,3,3,53,Potential_Loyalists
14883,20,6,761.59,5,4,3,54,Champions
16892,3,7,762.1,5,4,3,54,Champions
15428,17,4,762.75,5,4,3,54,Champions
16392,271,3,763.05,2,3,3,23,At_Risk
17466,12,2,763.28,5,3,3,53,Potential_Loyalists
16602,38,2,763.33,4,2,3,42,Potential_Loyalists
13699,157,2,764.15,3,2,3,32,About_to_Sleep
15908,492,2,764.57,1,2,3,12,Hibernating
12991,25,3,764.82,4,3,3,43,Potential_Loyalists
13712,248,2,766.42,2,2,3,22,Hibernating
15331,501,3,767.91,1,3,3,13,At_Risk
13356,82,1,768.24,3,2,3,32,About_to_Sleep
16978,79,3,768.88,3,3,3,33,Need_Attention
16480,77,1,769.29,3,2,3,32,About_to_Sleep
15988,21,3,770.09,4,3,3,43,Potential_Loyalists
14413,364,4,770.37,2,3,3,23,At_Risk
14998,172,4,770.73,3,3,3,33,Need_Attention
14104,156,5,771.58,3,4,3,34,Loyal_Customers
12965,91,1,771.91,3,2,3,32,About_to_Sleep
14247,280,5,772.66,2,4,3,24,At_Risk
15075,79,1,773.03,3,2,3,32,About_to_Sleep
16565,366,4,773.05,2,3,3,23,At_Risk
14838,425,2,773.67,1,2,3,12,Hibernating
18058,11,3,774.06,5,3,3,53,Potential_Loyalists
15773,7,2,774.52,5,3,3,53,Potential_Loyalists
17889,214,7,774.87,2,4,3,24,At_Risk
15414,11,3,774.9,5,3,3,53,Potential_Loyalists
16447,137,3,775.14,3,3,3,33,Need_Attention
14234,24,4,775.46,4,4,3,44,Loyal_Customers
13341,262,1,775.85,2,1,3,21,Hibernating
13314,3,3,775.94,5,3,3,53,Potential_Loyalists
18112,14,4,775.96,5,4,3,54,Champions
15092,217,3,776.46,2,3,3,23,At_Risk
14997,48,4,776.6,4,3,3,43,Potential_Loyalists
15618,34,4,776.85,4,4,3,44,Loyal_Customers
15794,738,2,777.0,1,2,3,12,Hibernating
15837,66,2,777.01,3,2,3,32,About_to_Sleep
13745,164,2,777.36,3,2,3,32,About_to_Sleep
13563,86,2,777.53,3,2,3,32,About_to_Sleep
16505,33,1,777.6,4,2,3,42,Potential_Loyalists
17482,489,2,778.19,1,2,3,12,Hibernating
14815,38,2,778.5,4,2,3,42,Potential_Loyalists
13781,252,3,778.83,2,3,3,23,At_Risk
12504,20,4,779.05,5,4,3,54,Champions
12735,317,2,779.57,2,2,3,22,Hibernating
18228,58,2,779.9,4,2,3,42,Potential_Loyalists
17691,360,4,780.05,2,3,3,23,At_Risk
15246,240,3,780.4,2,3,3,23,At_Risk
13502,18,5,780.5,5,4,3,54,Champions
15239,12,2,780.59,5,3,3,53,Potential_Loyalists
15679,26,4,781.28,4,4,3,44,Loyal_Customers
13287,605,3,781.59,1,3,3,13,At_Risk
13453,167,3,781.69,3,3,3,33,Need_Attention
16836,41,4,782.37,4,4,3,44,Loyal_Customers
12761,459,2,782.95,1,2,3,12,Hibernating
17387,21,2,784.11,5,3,3,53,Potential_Loyalists
15743,18,4,784.46,5,4,3,54,Champions
15806,48,3,784.58,4,3,3,43,Potential_Loyalists
15714,13,5,784.81,5,4,3,54,Champions
13541,429,2,785.25,1,2,3,12,Hibernating
13770,424,4,785.37,1,3,3,13,At_Risk
16972,384,2,786.25,2,2,3,22,Hibernating
16739,178,2,786.43,3,2,3,32,About_to_Sleep
12628,6,3,786.46,5,3,3,53,Potential_Loyalists
14463,100,4,786.57,3,4,3,34,Loyal_Customers
16468,76,3,787.52,3,3,3,33,Need_Attention
13323,5,5,787.85,5,4,3,54,Champions
14513,102,6,788.01,3,4,3,34,Loyal_Customers
13212,21,3,788.08,4,3,3,43,Potential_Loyalists
14557,87,1,788.38,3,2,3,32,About_to_Sleep
15448,314,2,788.81,2,2,3,22,Hibernating
13598,49,5,789.59,4,4,3,44,Loyal_Customers
16472,436,2,789.6,1,2,3,12,Hibernating
16759,9,3,789.79,5,3,3,53,Potential_Loyalists
12923,66,3,789.87,3,3,3,33,Need_Attention
13016,75,3,789.89,3,3,3,33,Need_Attention
13484,243,3,790.72,2,3,3,23,At_Risk
14976,59,7,790.86,4,4,3,44,Loyal_Customers
16250,263,3,791.38,2,3,3,23,At_Risk
14022,227,2,792.15,2,2,3,22,Hibernating
13296,139,6,792.51,3,4,3,34,Loyal_Customers
16679,368,3,793.06,2,3,3,23,At_Risk
18034,23,3,793.7,4,3,3,43,Potential_Loyalists
14690,46,4,794.33,4,3,3,43,Potential_Loyalists
17212,255,3,794.41,2,3,3,23,At_Risk
16961,118,3,794.56,3,3,3,33,Need_Attention
13336,79,1,795.12,3,2,3,32,About_to_Sleep
16720,28,3,795.48,4,3,3,43,Potential_Loyalists
15872,16,4,795.68,5,4,3,54,Champions
15396,114,2,796.38,3,3,3,33,Need_Attention
16155,383,5,796.9,2,4,3,24,At_Risk
15637,54,5,797.59,4,4,3,44,Loyal_Customers
17281,376,6,797.85,2,4,3,24,At_Risk
15309,612,4,797.96,1,3,3,13,At_Risk
13389,13,3,797.96,5,3,3,53,Potential_Loyalists
17801,453,3,798.33,1,3,3,13,At_Risk
16438,7,5,798.35,5,4,3,54,Champions
16952,111,5,798.78,3,4,3,34,Loyal_Customers
13041,452,4,799.13,1,3,3,13,At_Risk
17255,42,4,799.13,4,4,3,44,Loyal_Customers
13720,118,4,799.9,3,4,3,34,Loyal_Customers
13980,62,5,799.92,3,4,3,34,Loyal_Customers
17023,419,3,800.18,1,3,3,13,At_Risk
13415,474,4,800.67,1,3,3,13,At_Risk
16127,41,2,801.31,4,2,3,42,Potential_Loyalists
16806,105,4,801.49,3,3,3,33,Need_Attention
18265,74,2,801.51,3,2,3,32,About_to_Sleep
15831,60,3,801.76,4,3,3,43,Potential_Loyalists
15921,174,4,802.11,3,3,3,33,Need_Attention
18248,124,2,804.02,3,2,3,32,About_to_Sleep
12632,522,2,804.88,1,2,3,12,Hibernating
12797,367,2,806.11,2,2,3,22,Hibernating
15952,35,4,806.57,4,4,3,44,Loyal_Customers
17495,9,3,806.72,5,3,3,53,Potential_Loyalists
15533,21,3,807.57,4,3,3,43,Potential_Loyalists
17817,6,6,807.85,5,4,3,54,Champions
17114,7,8,808.62,5,4,3,54,Champions
13045,101,3,808.92,3,3,3,33,Need_Attention
16958,437,1,809.44,1,1,3,11,Hibernating
13637,54,3,810.5,4,3,3,43,Potential_Loyalists
16624,82,2,810.57,3,2,3,32,About_to_Sleep
17251,364,3,812.43,2,3,3,23,At_Risk
17194,275,3,812.5,2,3,3,23,At_Risk
18084,18,3,812.93,5,3,3,53,Potential_Loyalists
15644,168,4,813.0,3,3,3,33,Need_Attention
16621,53,4,813.48,4,4,3,44,Loyal_Customers
16658,370,6,814.07,2,4,3,24,At_Risk
14624,59,6,814.07,4,4,3,44,Loyal_Customers
12763,140,2,814.16,3,2,3,32,About_to_Sleep
13811,185,3,814.5,3,3,3,33,Need_Attention
14656,171,5,814.65,3,4,3,34,Loyal_Customers
16460,30,3,814.72,4,3,3,43,Potential_Loyalists
15399,3,3,815.77,5,3,3,53,Potential_Loyalists
13514,75,4,815.9,3,4,3,34,Loyal_Customers
14872,485,3,816.6,1,3,3,13,At_Risk
14890,255,3,817.25,2,3,3,23,At_Risk
13595,518,3,818.22,1,3,3,13,At_Risk
13612,634,1,818.29,1,1,3,11,Hibernating
17683,387,3,819.01,2,3,3,23,At_Risk
16135,264,2,819.45,2,2,3,22,Hibernating
17952,380,4,819.61,2,3,3,23,At_Risk
15314,201,3,820.45,2,3,3,23,At_Risk
13893,299,1,821.1,2,1,3,21,Hibernating
16680,45,3,821.45,4,3,3,43,Potential_Loyalists
16164,19,3,822.48,5,3,3,53,Potential_Loyalists
15847,40,5,822.57,4,4,3,44,Loyal_Customers
15137,522,2,823.4,1,2,3,12,Hibernating
14260,473,3,824.28,1,3,3,13,At_Risk
13513,128,3,824.59,3,3,3,33,Need_Attention
17880,366,3,824.92,2,3,3,23,At_Risk
15006,53,2,825.14,4,2,3,42,Potential_Loyalists
16869,24,4,825.42,4,4,3,44,Loyal_Customers
16494,298,1,826.53,2,1,3,21,Hibernating
12781,65,2,826.74,3,2,3,32,About_to_Sleep
12461,96,2,826.88,3,2,3,32,About_to_Sleep
12792,258,2,827.01,2,2,3,22,Hibernating
16246,461,2,827.25,1,2,3,12,Hibernating
15945,367,4,827.27,2,3,3,23,At_Risk
17045,115,5,827.68,3,4,3,34,Loyal_Customers
13681,19,4,827.83,5,4,3,54,Champions
15617,398,3,828.55,2,3,3,23,At_Risk
12953,11,2,828.81,5,3,3,53,Potential_Loyalists
16469,25,5,828.91,4,4,3,44,Loyal_Customers
13544,41,6,829.0,4,4,3,44,Loyal_Customers
12730,523,1,829.25,1,1,3,11,Hibernating
14851,25,3,829.41,4,3,3,43,Potential_Loyalists
17003,404,4,830.16,2,3,3,23,At_Risk
15759,220,7,830.93,2,4,3,24,At_Risk
15766,66,3,831.06,3,3,3,33,Need_Attention
13175,584,2,831.45,1,2,3,12,Hibernating
12903,430,1,833.53,1,1,3,11,Hibernating
16644,179,2,833.78,3,2,3,32,About_to_Sleep
15190,436,1,834.44,1,1,3,11,Hibernating
16737,55,2,835.2,4,2,3,42,Potential_Loyalists
14556,598,3,835.34,1,3,3,13,At_Risk
13386,416,2,835.46,1,2,3,12,Hibernating
16747,39,2,836.06,4,2,3,42,Potential_Loyalists
13795,390,4,836.3,2,3,3,23,At_Risk
14929,34,2,836.69,4,3,3,43,Potential_Loyalists
15832,256,1,836.79,2,1,3,21,Hibernating
14037,178,6,836.95,3,4,3,34,Loyal_Customers
16264,440,2,837.53,1,2,3,12,Hibernating
17332,530,5,838.27,1,4,3,14,At_Risk
13940,19,4,839.14,5,4,3,54,Champions
18247,416,3,839.73,1,3,3,13,At_Risk
13169,65,3,840.08,3,3,3,33,Need_Attention
12891,187,11,840.5,3,5,3,35,Loyal_Customers
14862,27,2,841.2,4,3,3,43,Potential_Loyalists
16810,194,2,842.04,2,2,3,22,Hibernating
17638,649,2,842.4,1,2,3,12,Hibernating
16846,52,3,842.41,4,3,3,43,Potential_Loyalists
16344,160,4,842.42,3,3,3,33,Need_Attention
15070,374,3,843.25,2,3,3,23,At_Risk
14922,395,2,843.74,2,2,3,22,Hibernating
16500,6,9,843.91,5,5,3,55,Champions
18078,219,4,844.6,2,3,3,23,At_Risk
14803,164,3,845.55,3,3,3,33,Need_Attention
14087,4,3,846.22,5,3,3,53,Potential_Loyalists
13970,388,2,846.55,2,2,3,22,Hibernating
16924,23,3,846.75,4,3,3,43,Potential_Loyalists
13487,59,5,846.87,4,4,3,44,Loyal_Customers
13221,242,2,847.41,2,2,3,22,Hibernating
14202,383,3,847.76,2,3,3,23,At_Risk
15784,469,2,848.33,1,2,3,12,Hibernating
15264,66,2,848.4,3,2,3,32,About_to_Sleep
12713,2,1,848.55,5,2,3,52,Potential_Loyalists
16798,556,3,848.71,1,3,3,13,At_Risk
18108,256,3,848.81,2,3,3,23,At_Risk
16020,18,3,851.01,5,3,3,53,Potential_Loyalists
13479,202,4,851.37,2,3,3,23,At_Risk
17674,76,2,851.7,3,2,3,32,About_to_Sleep
12696,436,2,851.91,1,2,3,12,Hibernating
16070,24,2,852.15,4,3,3,43,Potential_Loyalists
15266,340,5,852.21,2,4,3,24,At_Risk
17349,181,5,852.25,3,4,3,34,Loyal_Customers
16877,14,6,853.72,5,4,3,54,Champions
14873,212,2,854.13,2,2,3,22,Hibernating
13945,396,2,854.15,2,2,3,22,Hibernating
12878,238,2,854.99,2,2,3,22,Hibernating
13991,14,6,855.97,5,4,3,54,Champions
17161,446,1,856.01,1,1,3,11,Hibernating
15287,24,5,856.03,4,4,3,44,Loyal_Customers
12440,464,2,859.2,1,2,3,12,Hibernating
17064,60,3,859.35,4,3,3,43,Potential_Loyalists
14372,445,2,860.08,1,2,3,12,Hibernating
13339,202,1,860.12,2,2,3,22,Hibernating
12794,55,2,860.41,4,2,3,42,Potential_Loyalists
15012,55,3,860.62,4,3,3,43,Potential_Loyalists
12787,11,4,862.18,5,4,3,54,Champions
15483,163,10,862.2,3,5,3,35,Loyal_Customers
16668,17,13,862.42,5,5,3,55,Champions
15870,34,4,862.61,4,4,3,44,Loyal_Customers
13891,380,3,863.56,2,3,3,23,At_Risk
14600,307,2,865.17,2,2,3,22,Hibernating
13922,353,3,865.2,2,3,3,23,At_Risk
16567,196,2,865.6,2,2,3,22,Hibernating
17358,305,5,866.05,2,4,3,24,At_Risk
17167,381,3,867.11,2,3,3,23,At_Risk
16357,35,4,868.37,4,4,3,44,Loyal_Customers
16948,140,7,868.77,3,4,3,34,Loyal_Customers
14753,89,2,869.51,3,2,3,32,About_to_Sleep
13200,21,4,870.09,4,4,3,44,Loyal_Customers
15224,360,5,871.36,2,4,3,24,At_Risk
17223,312,3,873.53,2,3,3,23,At_Risk
15469,52,3,874.25,4,3,3,43,Potential_Loyalists
16513,6,4,874.59,5,4,3,54,Champions
14508,24,5,874.94,4,4,3,44,Loyal_Customers
14681,73,6,875.15,3,4,3,34,Loyal_Customers
13768,728,2,875.97,1,2,3,12,Hibernating
18043,26,3,875.97,4,3,3,43,Potential_Loyalists
14645,158,3,876.89,3,3,3,33,Need_Attention
15653,94,2,877.44,3,2,3,32,About_to_Sleep
14612,417,1,877.7,1,1,3,11,Hibernating
14551,20,7,880.04,5,4,3,54,Champions
13937,171,2,880.13,3,2,3,32,About_to_Sleep
16677,413,2,880.62,1,2,3,12,Hibernating
17361,51,5,880.64,4,4,3,44,Loyal_Customers
12680,2,4,880.81,5,4,3,54,Champions
18141,403,2,882.47,2,2,3,22,Hibernating
13166,285,2,884.18,2,2,3,22,Hibernating
17704,170,2,885.19,3,2,3,32,About_to_Sleep
14686,416,5,885.83,1,4,3,14,At_Risk
16900,18,3,887.11,5,3,3,53,Potential_Loyalists
17708,189,4,887.93,3,4,3,34,Loyal_Customers
17968,375,4,888.04,2,3,3,23,At_Risk
16228,387,3,890.81,2,3,3,23,At_Risk
15824,455,2,890.94,1,2,3,12,Hibernating
14065,391,3,891.02,2,3,3,23,At_Risk
15393,18,5,891.34,5,4,3,54,Champions
17155,19,7,892.46,5,4,3,54,Champions
12772,61,1,892.47,3,2,3,32,About_to_Sleep
15066,55,1,893.59,4,2,3,42,Potential_Loyalists
13569,19,4,893.78,5,4,3,54,Champions
13996,388,2,895.76,2,2,3,22,Hibernating
16784,21,5,896.53,4,4,3,44,Loyal_Customers
15992,5,3,896.6,5,3,3,53,Potential_Loyalists
16361,11,4,896.66,5,4,3,54,Champions
17537,31,2,897.62,4,3,3,43,Potential_Loyalists
15710,419,1,898.87,1,1,3,11,Hibernating
16834,229,2,898.96,2,2,3,22,Hibernating
16442,3,5,899.47,5,4,3,54,Champions
12945,290,2,900.11,2,2,3,22,Hibernating
17226,310,3,900.12,2,3,3,23,At_Risk
15900,25,4,900.4,4,4,3,44,Loyal_Customers
17566,10,2,901.21,5,3,3,53,Potential_Loyalists
17480,79,2,902.03,3,2,3,32,About_to_Sleep
17382,67,8,902.28,3,4,3,34,Loyal_Customers
17176,203,3,902.32,2,3,3,23,At_Risk
17746,242,4,904.18,2,3,3,23,At_Risk
15180,369,3,904.43,2,3,3,23,At_Risk
13255,11,3,904.46,5,3,3,53,Potential_Loyalists
12808,38,5,906.1,4,4,3,44,Loyal_Customers
14969,705,1,906.23,1,1,3,11,Hibernating
14714,26,4,906.24,4,4,3,44,Loyal_Customers
14729,375,3,907.38,2,3,3,23,At_Risk
15097,6,3,908.35,5,3,3,53,Potential_Loyalists
13038,82,3,908.46,3,3,3,33,Need_Attention
13548,98,3,908.99,3,3,3,33,Need_Attention
15511,13,5,909.23,5,4,3,54,Champions
16411,21,4,910.19,5,4,3,54,Champions
16138,380,3,910.35,2,3,3,23,At_Risk
15919,21,2,910.61,4,3,3,43,Potential_Loyalists
14133,131,4,911.14,3,3,3,33,Need_Attention
14289,10,6,911.26,5,4,3,54,Champions
15244,67,3,912.08,3,3,3,33,Need_Attention
14359,21,3,912.18,4,3,3,43,Potential_Loyalists
15364,97,2,913.19,3,2,3,32,About_to_Sleep
12940,56,2,913.54,4,2,3,42,Potential_Loyalists
16216,269,1,914.93,2,1,3,21,Hibernating
14141,4,4,915.13,5,4,3,54,Champions
14839,420,3,915.28,1,3,3,13,At_Risk
14176,299,5,916.01,2,4,3,24,At_Risk
13573,52,6,916.47,4,4,3,44,Loyal_Customers
14549,313,4,916.55,2,3,3,23,At_Risk
14423,220,3,916.61,2,3,3,23,At_Risk
14015,54,1,917.34,4,1,3,41,Promising
14061,509,3,917.43,1,3,3,13,At_Risk
12368,630,1,917.7,1,1,3,11,Hibernating
14342,23,6,918.44,4,4,3,44,Loyal_Customers
15542,514,3,918.45,1,3,3,13,At_Risk
16387,324,5,918.55,2,4,3,24,At_Risk
17760,23,6,918.93,4,4,3,44,Loyal_Customers
15304,62,9,919.55,3,5,3,35,Loyal_Customers
13872,529,3,919.57,1,3,3,13,At_Risk
13075,131,1,919.61,3,2,3,32,About_to_Sleep
14568,437,1,919.7,1,1,3,11,Hibernating
12998,494,3,920.08,1,3,3,13,At_Risk
14272,75,4,920.81,3,4,3,34,Loyal_Customers
12638,35,2,921.49,4,3,3,43,Potential_Loyalists
13934,265,1,922.1,2,1,3,21,Hibernating
13122,96,2,922.39,3,2,3,32,About_to_Sleep
15654,11,2,922.53,5,3,3,53,Potential_Loyalists
17322,378,5,922.59,2,4,3,24,At_Risk
13034,56,3,922.68,4,3,3,43,Potential_Loyalists
16643,247,2,923.11,2,2,3,22,Hibernating
17143,419,2,924.11,1,2,3,12,Hibernating
14128,62,3,924.21,3,3,3,33,Need_Attention
17864,14,5,924.32,5,4,3,54,Champions
13805,54,2,924.6,4,2,3,42,Potential_Loyalists
12745,488,3,925.41,1,3,3,13,At_Risk
16975,425,3,926.12,1,3,3,13,At_Risk
17805,75,2,927.03,3,2,3,32,About_to_Sleep
15243,76,2,927.28,3,2,3,32,About_to_Sleep
13288,445,5,927.61,1,4,3,14,At_Risk
14338,163,3,928.1,3,3,3,33,Need_Attention
16034,198,6,928.72,2,4,3,24,At_Risk
15957,33,3,930.1,4,3,3,43,Potential_Loyalists
14924,247,3,931.01,2,3,3,23,At_Risk
13465,448,2,931.12,1,2,3,12,Hibernating
12396,676,1,931.43,1,1,3,11,Hibernating
18133,214,1,931.5,2,2,3,22,Hibernating
18154,5,5,932.6,5,4,3,54,Champions
16657,11,4,933.62,5,4,3,54,Champions
15792,401,2,933.84,2,2,3,22,Hibernating
16781,374,2,934.25,2,2,3,22,Hibernating
14140,5,2,935.05,5,3,3,53,Potential_Loyalists
17472,193,4,935.1,2,3,3,23,At_Risk
17020,544,2,935.62,1,2,3,12,Hibernating
14605,376,4,937.16,2,3,3,23,At_Risk
17527,55,4,939.37,4,4,3,44,Loyal_Customers
16109,220,3,939.48,2,3,3,23,At_Risk
13936,181,3,939.66,3,3,3,33,Need_Attention
15107,313,9,940.35,2,5,3,25,Cant_Loose
15576,39,1,940.67,4,1,3,41,Promising
13416,45,3,940.8,4,3,3,43,Potential_Loyalists
17363,397,3,940.86,2,3,3,23,At_Risk
14326,244,3,940.98,2,3,3,23,At_Risk
18156,14,2,941.17,5,3,3,53,Potential_Loyalists
15385,42,3,942.08,4,3,3,43,Potential_Loyalists
12942,133,3,942.65,3,3,3,33,Need_Attention
16199,394,7,942.75,2,4,3,24,At_Risk
13261,270,2,944.1,2,2,3,22,Hibernating
16204,25,3,944.24,4,3,3,43,Potential_Loyalists
18217,31,4,945.04,4,4,3,44,Loyal_Customers
15707,37,4,945.58,4,3,3,43,Potential_Loyalists
17604,219,6,945.93,2,4,3,24,At_Risk
16146,159,4,946.38,3,3,3,33,Need_Attention
17356,313,5,946.47,2,4,3,24,At_Risk
16861,61,5,946.59,3,4,3,34,Loyal_Customers
16136,61,4,946.8,3,3,3,33,Need_Attention
16362,34,6,946.94,4,4,3,44,Loyal_Customers
12355,216,2,947.61,2,2,3,22,Hibernating
15723,366,4,947.65,2,3,3,23,At_Risk
15787,28,3,948.05,4,3,3,43,Potential_Loyalists
12874,387,2,948.42,2,2,3,22,Hibernating
12822,72,2,948.88,3,2,3,32,About_to_Sleep
15177,427,1,948.93,1,1,3,11,Hibernating
13636,38,5,949.12,4,4,3,44,Loyal_Customers
13046,32,3,949.25,4,3,3,43,Potential_Loyalists
12767,377,1,949.82,2,1,3,21,Hibernating
17955,200,6,949.9,2,4,3,24,At_Risk
14615,396,5,951.76,2,4,3,24,At_Risk
12414,219,6,952.41,2,4,3,24,At_Risk
18001,14,6,953.84,5,4,3,54,Champions
15835,46,4,954.09,4,3,3,43,Potential_Loyalists
15430,469,2,954.75,1,2,3,12,Hibernating
12505,410,1,955.2,2,1,3,21,Hibernating
16947,237,5,955.21,2,4,3,24,At_Risk
12990,33,7,955.5,4,4,3,44,Loyal_Customers
16141,90,2,955.94,3,2,3,32,About_to_Sleep
17172,80,3,956.57,3,3,3,33,Need_Attention
17080,24,7,957.53,4,4,3,44,Loyal_Customers
17516,17,6,957.55,5,4,3,54,Champions
17298,103,5,957.56,3,4,3,34,Loyal_Customers
12697,30,3,957.59,4,3,3,43,Potential_Loyalists
17189,108,5,957.63,3,4,3,34,Loyal_Customers
14958,149,6,957.94,3,4,3,34,Loyal_Customers
18192,73,1,957.97,3,2,3,32,About_to_Sleep
12675,555,2,958.5,1,2,3,12,Hibernating
12588,41,4,958.78,4,4,3,44,Loyal_Customers
14437,367,5,958.84,2,4,3,24,At_Risk
14629,6,2,959.01,5,3,3,53,Potential_Loyalists
16518,63,4,959.37,3,3,3,33,Need_Attention
14994,384,5,960.63,2,4,3,24,At_Risk
17544,392,3,960.69,2,3,3,23,At_Risk
15156,3,3,961.49,5,3,3,53,Potential_Loyalists
15268,480,3,961.9,1,3,3,13,At_Risk
17081,27,6,964.39,4,4,3,44,Loyal_Customers
16763,200,2,964.7,2,2,3,22,Hibernating
12550,81,1,964.83,3,2,3,32,About_to_Sleep
15084,381,2,965.2,2,2,3,22,Hibernating
13204,733,1,966.66,1,1,3,11,Hibernating
15907,5,3,967.45,5,3,3,53,Potential_Loyalists
13223,202,6,969.12,2,4,3,24,At_Risk
15208,3,6,970.52,5,4,3,54,Champions
17100,20,2,971.74,5,3,3,53,Potential_Loyalists
14350,276,3,972.03,2,3,3,23,At_Risk
12525,500,3,973.73,1,3,3,13,At_Risk
17958,118,2,973.88,3,3,3,33,Need_Attention
12994,6,3,974.42,5,3,3,53,Potential_Loyalists
15449,28,3,974.52,4,3,3,43,Potential_Loyalists
15646,159,5,974.61,3,4,3,34,Loyal_Customers
15165,375,1,975.5,2,1,3,21,Hibernating
15406,33,4,975.87,4,4,3,44,Loyal_Customers
15247,124,3,976.06,3,3,3,33,Need_Attention
17123,163,3,977.17,3,3,3,33,Need_Attention
14454,378,5,977.3,2,4,3,24,At_Risk
15132,20,5,977.93,5,4,3,54,Champions
17221,9,5,978.52,5,4,3,54,Champions
13350,18,2,979.12,5,3,3,53,Potential_Loyalists
17369,457,1,979.2,1,1,3,11,Hibernating
14230,437,3,979.8,1,3,3,13,At_Risk
12543,450,1,980.25,1,1,3,11,Hibernating
12541,31,3,981.18,4,3,3,43,Potential_Loyalists
14138,3,2,982.38,5,3,3,53,Potential_Loyalists
15109,247,3,983.1,2,3,3,23,At_Risk
14142,375,2,983.15,2,2,3,22,Hibernating
17144,3,2,984.57,5,3,3,53,Potential_Loyalists
16254,380,3,985.14,2,3,3,23,At_Risk
13439,257,3,986.61,2,3,3,23,At_Risk
16661,542,4,986.63,1,3,3,13,At_Risk
16376,10,2,987.01,5,3,3,53,Potential_Loyalists
18237,4,5,987.1,5,4,3,54,Champions
16130,424,4,987.48,1,3,3,13,At_Risk
15176,669,1,988.04,1,1,3,11,Hibernating
15973,368,3,988.44,2,3,3,23,At_Risk
13245,52,2,989.22,4,2,3,42,Potential_Loyalists
13559,514,2,990.0,1,2,3,12,Hibernating
14223,94,3,991.13,3,3,3,33,Need_Attention
16009,24,4,992.71,4,4,3,44,Loyal_Customers
13292,40,5,994.51,4,4,3,44,Loyal_Customers
16699,382,7,994.6,2,4,3,24,At_Risk
17883,5,7,995.85,5,4,3,54,Champions
13965,478,3,996.61,1,3,3,13,At_Risk
12722,87,4,997.63,3,3,3,33,Need_Attention
18006,25,4,997.86,4,4,3,44,Loyal_Customers
17631,3,7,998.49,5,4,3,54,Champions
16863,33,3,998.52,4,3,3,43,Potential_Loyalists
17205,55,3,999.35,4,3,3,43,Potential_Loyalists
12413,68,4,999.45,3,3,3,33,Need_Attention
13005,175,4,999.68,3,3,3,33,Need_Attention
18143,118,2,1000.16,3,3,3,33,Need_Attention
15508,191,6,1000.27,2,4,3,24,At_Risk
12545,77,2,1000.39,3,2,3,32,About_to_Sleep
14255,548,1,1000.63,1,1,3,11,Hibernating
17464,160,3,1000.94,3,3,3,33,Need_Attention
13857,395,6,1001.01,2,4,3,24,At_Risk
16122,75,6,1001.34,3,4,3,34,Loyal_Customers
16535,7,3,1001.59,5,3,3,53,Potential_Loyalists
17237,13,4,1002.08,5,4,3,54,Champions
12446,59,1,1002.31,4,2,3,42,Potential_Loyalists
14157,21,5,1002.78,4,4,3,44,Loyal_Customers
17987,187,5,1003.64,3,4,3,34,Loyal_Customers
18160,59,3,1003.88,4,3,3,43,Potential_Loyalists
15363,374,2,1004.11,2,2,3,22,Hibernating
14214,32,5,1004.38,4,4,3,44,Loyal_Customers
17329,16,5,1004.43,5,4,3,54,Champions
13549,27,8,1005.8,4,5,3,45,Loyal_Customers
13427,21,6,1006.53,4,4,3,44,Loyal_Customers
12703,73,4,1006.53,3,4,3,34,Loyal_Customers
15771,606,3,1006.54,1,3,3,13,At_Risk
13238,19,6,1006.63,5,4,3,54,Champions
13429,12,4,1006.8,5,4,3,54,Champions
16287,171,5,1006.98,3,4,3,34,Loyal_Customers
14510,377,3,1007.28,2,3,3,23,At_Risk
12862,427,2,1008.32,1,2,3,12,Hibernating
16572,129,3,1009.6,3,3,3,33,Need_Attention
13039,586,4,1010.73,1,3,3,13,At_Risk
15713,145,4,1010.79,3,4,3,34,Loyal_Customers
16435,514,3,1011.57,1,3,3,13,At_Risk
17197,31,1,1013.01,4,2,3,42,Potential_Loyalists
15025,35,2,1013.09,4,2,3,42,Potential_Loyalists
16451,89,3,1013.15,3,3,3,33,Need_Attention
15951,10,3,1013.17,5,3,3,53,Potential_Loyalists
12642,27,3,1013.26,4,3,3,43,Potential_Loyalists
13466,186,5,1013.35,3,4,3,34,Loyal_Customers
12410,310,3,1013.71,2,3,3,23,At_Risk
14953,27,4,1013.77,4,4,3,44,Loyal_Customers
14355,367,3,1014.45,2,3,3,23,At_Risk
16623,247,4,1015.24,2,4,3,24,At_Risk
13867,33,3,1015.29,4,3,3,43,Potential_Loyalists
17860,370,4,1015.54,2,3,3,23,At_Risk
13333,413,3,1015.74,1,3,3,13,At_Risk
17299,13,6,1016.08,5,4,3,54,Champions
16898,28,5,1016.37,4,4,3,44,Loyal_Customers
13641,642,5,1016.47,1,4,3,14,At_Risk
12652,333,2,1017.03,2,2,3,22,Hibernating
15970,305,2,1017.32,2,2,3,22,Hibernating
12793,336,3,1017.33,2,3,3,23,At_Risk
12905,578,2,1018.42,1,2,3,12,Hibernating
12828,4,6,1018.71,5,4,3,54,Champions
12403,51,2,1019.36,4,2,3,42,Potential_Loyalists
18142,159,2,1019.52,3,2,3,32,About_to_Sleep
13376,101,3,1019.76,3,3,3,33,Need_Attention
12572,10,2,1020.42,5,3,3,53,Potential_Loyalists
16568,429,2,1020.9,1,2,3,12,Hibernating
17362,241,7,1024.04,2,4,3,24,At_Risk
17310,389,2,1025.1,2,2,3,22,Hibernating
13602,66,4,1025.17,3,3,3,33,Need_Attention
16160,67,2,1025.44,3,2,3,32,About_to_Sleep
17749,180,3,1026.18,3,3,3,33,Need_Attention
13956,7,5,1026.42,5,4,3,54,Champions
15887,408,3,1027.15,2,3,3,23,At_Risk
16227,227,3,1027.22,2,3,3,23,At_Risk
15104,198,2,1027.44,2,2,3,22,Hibernating
16682,6,5,1028.0,5,4,3,54,Champions
15333,210,1,1028.56,2,2,3,22,Hibernating
14932,367,2,1029.66,2,2,3,22,Hibernating
16284,33,3,1029.77,4,3,3,43,Potential_Loyalists
16198,77,2,1030.04,3,2,3,32,About_to_Sleep
16385,62,5,1030.61,3,4,3,34,Loyal_Customers
13235,214,1,1031.07,2,2,3,22,Hibernating
17405,3,3,1031.41,5,3,3,53,Potential_Loyalists
13000,108,4,1032.5,3,3,3,33,Need_Attention
14248,320,3,1032.95,2,3,3,23,At_Risk
17724,73,3,1033.0,3,3,3,33,Need_Attention
17980,167,4,1033.42,3,3,3,33,Need_Attention
12811,262,5,1033.9,2,4,3,24,At_Risk
16441,69,5,1034.43,3,4,3,34,Loyal_Customers
13258,13,5,1035.18,5,4,3,54,Champions
16787,399,4,1035.43,2,3,3,23,At_Risk
16260,52,1,1035.45,4,1,3,41,Promising
17926,135,5,1035.49,3,4,3,34,Loyal_Customers
14902,27,3,1035.62,4,3,3,43,Potential_Loyalists
17869,109,7,1036.16,3,4,3,34,Loyal_Customers
12486,433,1,1037.28,1,1,3,11,Hibernating
13873,121,8,1038.92,3,4,3,34,Loyal_Customers
13613,454,5,1039.85,1,4,3,14,At_Risk
16991,423,1,1041.21,1,1,3,11,Hibernating
13359,65,2,1043.31,3,2,3,32,About_to_Sleep
17042,4,5,1044.38,5,4,3,54,Champions
14108,32,4,1044.96,4,4,3,44,Loyal_Customers
15091,69,3,1046.61,3,3,3,33,Need_Attention
17474,601,1,1047.0,1,1,3,11,Hibernating
17578,220,7,1047.33,2,4,3,24,At_Risk
15839,35,3,1048.49,4,3,3,43,Potential_Loyalists
15464,340,1,1048.85,2,1,3,21,Hibernating
17934,53,3,1049.15,4,3,3,43,Potential_Loyalists
13775,592,1,1049.66,1,1,3,11,Hibernating
14947,74,6,1049.79,3,4,3,34,Loyal_Customers
15855,138,6,1052.72,3,4,3,34,Loyal_Customers
15886,62,4,1052.87,3,3,3,33,Need_Attention
12580,248,2,1052.9,2,2,3,22,Hibernating
12716,5,2,1053.49,5,3,3,53,Potential_Loyalists
16728,48,4,1054.67,4,3,3,43,Potential_Loyalists
15977,19,2,1054.73,5,3,3,53,Potential_Loyalists
15645,20,3,1055.17,5,3,3,53,Potential_Loyalists
12791,375,6,1056.11,2,4,3,24,At_Risk
14734,427,4,1056.42,1,3,3,13,At_Risk
15407,35,4,1056.44,4,4,3,44,Loyal_Customers
17555,21,5,1057.74,4,4,3,44,Loyal_Customers
15850,21,6,1058.72,4,4,3,44,Loyal_Customers
18130,17,3,1059.39,5,3,3,53,Potential_Loyalists
17421,388,3,1059.41,2,3,3,23,At_Risk
16261,19,6,1059.45,5,4,3,54,Champions
17727,17,1,1060.25,5,2,3,52,Potential_Loyalists
15706,65,4,1060.56,3,3,3,33,Need_Attention
15003,475,6,1060.7,1,4,3,14,At_Risk
17616,175,4,1060.8,3,3,3,33,Need_Attention
15026,82,5,1061.61,3,4,3,34,Loyal_Customers
16903,31,3,1062.28,4,3,3,43,Potential_Loyalists
14204,4,4,1062.96,5,4,3,54,Champions
14411,312,1,1063.0,2,1,3,21,Hibernating
12815,149,2,1063.46,3,2,3,32,About_to_Sleep
17849,220,8,1063.76,2,4,3,24,At_Risk
12936,19,4,1063.9,5,4,3,54,Champions
15801,48,3,1063.95,4,3,3,43,Potential_Loyalists
14488,69,1,1064.28,3,2,3,32,About_to_Sleep
15639,136,3,1065.08,3,3,3,33,Need_Attention
17277,229,2,1065.35,2,2,3,22,Hibernating
14675,18,2,1066.9,5,3,3,53,Potential_Loyalists
15626,76,3,1067.52,3,3,3,33,Need_Attention
17214,62,6,1069.12,3,4,3,34,Loyal_Customers
12728,73,5,1070.17,3,4,3,34,Loyal_Customers
17522,3,5,1070.71,5,4,3,54,Champions
14484,52,4,1070.98,4,3,3,43,Potential_Loyalists
16593,52,8,1071.14,4,4,3,44,Loyal_Customers
17854,187,6,1071.45,3,4,3,34,Loyal_Customers
12801,502,1,1071.82,1,1,3,11,Hibernating
15238,31,3,1071.99,4,3,3,43,Potential_Loyalists
16884,39,4,1073.92,4,3,3,43,Potential_Loyalists
15912,180,9,1074.7,3,5,3,35,Loyal_Customers
16048,375,4,1075.23,2,3,3,23,At_Risk
13959,81,6,1076.18,3,4,3,34,Loyal_Customers
16071,46,4,1076.8,4,3,3,43,Potential_Loyalists
16642,6,3,1077.45,5,3,3,53,Potential_Loyalists
16183,69,4,1077.81,3,3,3,33,Need_Attention
16231,381,4,1078.22,2,3,3,23,At_Risk
13607,42,2,1078.31,4,2,3,42,Potential_Loyalists
13656,166,4,1078.85,3,3,3,33,Need_Attention
14352,159,4,1078.96,3,3,3,33,Need_Attention
15546,608,2,1079.1,1,2,3,12,Hibernating
12354,234,1,1079.4,2,1,3,21,Hibernating
13726,40,2,1079.66,4,2,3,42,Potential_Loyalists
13727,30,8,1080.05,4,5,3,45,Loyal_Customers
14561,77,3,1080.76,3,3,3,33,Need_Attention
13567,430,4,1083.69,1,3,3,13,At_Risk
13467,12,2,1083.71,5,3,3,53,Potential_Loyalists
17420,52,6,1084.43,4,4,3,44,Loyal_Customers
14013,112,5,1084.57,3,4,3,34,Loyal_Customers
16298,24,7,1085.7,4,4,3,44,Loyal_Customers
14139,48,4,1086.8,4,3,3,43,Potential_Loyalists
15763,33,2,1086.92,4,3,3,43,Potential_Loyalists
16188,46,5,1087.66,4,4,3,44,Loyal_Customers
15535,175,6,1087.82,3,4,3,34,Loyal_Customers
15254,129,3,1088.35,3,3,3,33,Need_Attention
14343,423,4,1088.91,1,3,3,13,At_Risk
12534,132,1,1089.18,3,2,3,32,About_to_Sleep
13853,59,1,1090.14,4,2,3,42,Potential_Loyalists
16211,90,3,1090.59,3,3,3,33,Need_Attention
14813,371,4,1090.87,2,3,3,23,At_Risk
14199,220,4,1091.7,2,3,3,23,At_Risk
17726,397,7,1092.06,2,4,3,24,At_Risk
13546,14,5,1092.14,5,4,3,54,Champions
12803,395,1,1092.81,2,1,3,21,Hibernating
14460,112,9,1093.5,3,5,3,35,Loyal_Customers
13521,3,3,1093.65,5,3,3,53,Potential_Loyalists
15745,21,4,1094.59,4,4,3,44,Loyal_Customers
17703,37,4,1094.84,4,3,3,43,Potential_Loyalists
13835,27,7,1095.27,4,4,3,44,Loyal_Customers
16533,21,3,1095.56,4,3,3,43,Potential_Loyalists
17366,434,2,1096.24,1,2,3,12,Hibernating
16805,175,5,1097.24,3,4,3,34,Loyal_Customers
13108,374,2,1098.52,2,2,3,22,Hibernating
12421,17,6,1098.6,5,4,3,54,Champions
14009,200,3,1099.91,2,3,3,23,At_Risk
12785,366,3,1100.4,2,3,3,23,At_Risk
16418,46,5,1101.94,4,4,3,44,Loyal_Customers
14948,25,6,1101.97,4,4,3,44,Loyal_Customers
13295,361,4,1101.97,2,3,3,23,At_Risk
16223,376,2,1102.35,2,2,3,22,Hibernating
16386,30,3,1102.59,4,3,3,43,Potential_Loyalists
12434,86,3,1103.43,3,3,3,33,Need_Attention
16391,402,4,1103.61,2,3,3,23,At_Risk
14805,17,7,1104.64,5,4,3,54,Champions
14891,150,4,1106.73,3,4,3,34,Loyal_Customers
15933,23,3,1107.46,4,3,3,43,Potential_Loyalists
15828,377,1,1108.82,2,1,3,21,Hibernating
15559,570,1,1109.4,1,1,3,11,Hibernating
15069,181,1,1109.53,3,2,3,32,About_to_Sleep
16702,417,4,1110.83,1,3,3,13,At_Risk
16139,20,5,1111.15,5,4,3,54,Champions
12648,156,4,1112.0,3,3,3,33,Need_Attention
12679,60,4,1113.02,4,3,3,43,Potential_Loyalists
14672,236,4,1113.14,2,3,3,23,At_Risk
16203,60,6,1114.54,4,4,3,44,Loyal_Customers
13509,10,8,1114.72,5,5,3,55,Champions
14080,34,5,1115.68,4,4,3,44,Loyal_Customers
14966,16,6,1115.84,5,4,3,54,Champions
14971,37,3,1116.57,4,3,3,43,Potential_Loyalists
16278,102,3,1117.84,3,3,3,33,Need_Attention
17788,75,2,1117.9,3,2,3,32,About_to_Sleep
16430,59,7,1117.94,4,4,3,44,Loyal_Customers
17423,48,3,1118.95,4,3,3,43,Potential_Loyalists
17871,206,5,1118.99,2,4,3,24,At_Risk
17007,52,7,1120.1,4,4,3,44,Loyal_Customers
13589,16,6,1120.74,5,4,3,54,Champions
16895,66,5,1121.42,3,4,3,34,Loyal_Customers
13368,258,4,1121.5,2,3,3,23,At_Risk
17562,16,7,1122.38,5,4,3,54,Champions
13486,80,3,1122.41,3,3,3,33,Need_Attention
17492,250,3,1122.42,2,3,3,23,At_Risk
15436,14,3,1122.53,5,3,3,53,Potential_Loyalists
16916,25,4,1123.4,4,4,3,44,Loyal_Customers
14917,598,2,1123.75,1,2,3,12,Hibernating
13778,105,4,1124.49,3,3,3,33,Need_Attention
13167,20,5,1125.15,5,4,3,54,Champions
12503,586,1,1126.0,1,1,3,11,Hibernating
15969,4,5,1127.05,5,4,3,54,Champions
14671,551,2,1127.45,1,2,3,12,Hibernating
12373,313,3,1127.65,2,3,3,23,At_Risk
14450,182,7,1128.44,3,4,3,34,Loyal_Customers
13447,25,3,1129.14,4,3,3,43,Potential_Loyalists
12427,23,3,1129.3,4,3,3,43,Potential_Loyalists
16354,65,5,1129.51,3,4,3,34,Loyal_Customers
17622,599,2,1130.21,1,2,3,12,Hibernating
16014,39,5,1130.27,4,4,3,44,Loyal_Customers
15695,268,4,1131.04,2,3,3,23,At_Risk
12616,97,3,1131.1,3,3,3,33,Need_Attention
13393,585,4,1131.45,1,3,3,13,At_Risk
15500,10,4,1131.56,5,4,3,54,Champions
14375,187,3,1132.99,3,3,3,33,Need_Attention
16989,9,6,1133.25,5,4,3,54,Champions
17137,418,6,1133.63,1,4,3,14,At_Risk
13109,61,3,1134.03,3,3,3,33,Need_Attention
17866,144,3,1134.95,3,3,3,33,Need_Attention
17302,16,5,1135.63,5,4,3,54,Champions
17500,19,3,1138.0,5,3,3,53,Potential_Loyalists
15586,594,3,1139.1,1,3,3,13,At_Risk
16270,355,1,1141.24,2,1,3,21,Hibernating
16769,262,4,1141.75,2,3,3,23,At_Risk
18218,213,4,1142.0,2,3,3,23,At_Risk
13856,170,11,1142.03,3,5,3,35,Loyal_Customers
18125,31,4,1142.99,4,4,3,44,Loyal_Customers
14585,52,5,1143.27,4,4,3,44,Loyal_Customers
17770,200,5,1143.27,2,4,3,24,At_Risk
12769,240,1,1143.6,2,1,3,21,Hibernating
17477,614,2,1144.3,1,2,3,12,Hibernating
16766,275,2,1145.6,2,2,3,22,Hibernating
14308,551,2,1147.02,1,2,3,12,Hibernating
16521,417,3,1148.01,1,3,3,13,At_Risk
12710,98,3,1149.02,3,3,3,33,Need_Attention
12475,55,2,1149.64,4,2,3,42,Potential_Loyalists
14475,73,4,1151.15,3,4,3,34,Loyal_Customers
13462,254,5,1153.85,2,4,3,24,At_Risk
16637,34,4,1154.47,4,4,3,44,Loyal_Customers
17127,430,5,1155.03,1,4,3,14,At_Risk
14788,9,3,1156.32,5,3,3,53,Potential_Loyalists
13744,97,2,1156.36,3,3,3,33,Need_Attention
17169,59,3,1156.73,4,3,3,43,Potential_Loyalists
15879,406,4,1157.3,2,3,3,23,At_Risk
15028,10,6,1157.71,5,4,3,54,Champions
12439,684,2,1158.18,1,2,3,12,Hibernating
16184,66,6,1158.79,3,4,3,34,Loyal_Customers
17513,74,3,1158.8,3,3,3,33,Need_Attention
13499,19,5,1159.11,5,4,3,54,Champions
16838,199,4,1159.61,2,3,3,23,At_Risk
15088,23,2,1160.07,4,3,3,43,Potential_Loyalists
13459,626,2,1160.41,1,2,3,12,Hibernating
13897,52,3,1160.72,4,3,3,43,Potential_Loyalists
12972,415,4,1161.2,1,3,3,13,At_Risk
12546,48,2,1161.5,4,2,3,42,Potential_Loyalists
17525,361,3,1161.9,2,3,3,23,At_Risk
14261,52,2,1163.45,4,2,3,42,Potential_Loyalists
14693,266,7,1165.36,2,4,3,24,At_Risk
17812,14,7,1165.89,5,4,3,54,Champions
17664,20,4,1166.23,5,4,3,54,Champions
17373,42,7,1167.5,4,4,3,44,Loyal_Customers
12691,30,7,1170.4,4,4,3,44,Loyal_Customers
14818,75,6,1170.41,3,4,3,34,Loyal_Customers
14126,9,4,1172.46,5,4,3,54,Champions
12640,25,3,1174.58,4,3,3,43,Potential_Loyalists
12915,150,4,1174.75,3,4,3,34,Loyal_Customers
12885,65,3,1175.22,3,3,3,33,Need_Attention
14370,452,6,1175.78,1,4,3,14,At_Risk
15210,227,3,1176.19,2,3,3,23,At_Risk
13233,76,4,1176.46,3,3,3,33,Need_Attention
15068,48,4,1176.85,4,3,3,43,Potential_Loyalists
18025,381,6,1177.72,2,4,3,24,At_Risk
13797,438,3,1179.45,1,3,3,13,At_Risk
16614,184,3,1179.79,3,3,3,33,Need_Attention
17058,83,3,1179.89,3,3,3,33,Need_Attention
13270,368,1,1180.0,2,1,3,21,Hibernating
18277,60,5,1180.05,4,4,3,44,Loyal_Customers
13395,187,3,1180.23,3,3,3,33,Need_Attention
13526,740,2,1182.0,1,2,3,12,Hibernating
17021,444,6,1182.22,1,4,3,14,At_Risk
15259,514,4,1182.38,1,3,3,13,At_Risk
14206,241,3,1185.01,2,3,3,23,At_Risk
13601,47,4,1185.14,4,3,3,43,Potential_Loyalists
18060,410,2,1185.46,2,2,3,22,Hibernating
13388,133,3,1185.65,3,3,3,33,Need_Attention
15022,13,5,1186.09,5,4,3,54,Champions
14275,397,6,1189.38,2,4,3,24,At_Risk
17239,314,4,1189.45,2,3,3,23,At_Risk
12462,20,2,1189.59,5,3,3,53,Potential_Loyalists
16471,276,4,1189.98,2,3,3,23,At_Risk
13882,4,5,1191.13,5,4,3,54,Champions
17984,147,5,1191.27,3,4,3,34,Loyal_Customers
14213,406,1,1192.2,2,1,3,21,Hibernating
13976,208,4,1192.36,2,4,3,24,At_Risk
16306,215,7,1192.82,2,4,3,24,At_Risk
13293,394,6,1192.94,2,4,3,24,At_Risk
12611,54,1,1193.32,4,1,3,41,Promising
14201,62,10,1193.54,3,5,3,35,Loyal_Customers
15145,6,4,1194.73,5,4,3,54,Champions
16307,431,3,1194.92,1,3,3,13,At_Risk
17713,384,4,1198.09,2,3,3,23,At_Risk
16345,46,2,1198.74,4,2,3,42,Potential_Loyalists
17800,39,9,1199.01,4,5,3,45,Loyal_Customers
15600,430,4,1199.31,1,3,3,13,At_Risk
16693,70,5,1199.46,3,4,3,34,Loyal_Customers
15181,68,5,1200.2,3,4,3,34,Loyal_Customers
16800,13,1,1201.49,5,2,3,52,Potential_Loyalists
12742,627,1,1201.52,1,1,3,11,Hibernating
15994,56,3,1202.18,4,3,3,43,Potential_Loyalists
18057,395,3,1203.56,2,3,3,23,At_Risk
15737,16,8,1205.12,5,5,3,55,Champions
18181,26,5,1205.94,4,4,3,44,Loyal_Customers
15573,33,5,1207.18,4,4,3,44,Loyal_Customers
18193,167,3,1207.35,3,3,3,33,Need_Attention
16830,40,4,1207.5,4,4,3,44,Loyal_Customers
17653,38,4,1207.56,4,3,3,43,Potential_Loyalists
17062,315,6,1208.22,2,4,3,24,At_Risk
13723,219,6,1209.2,2,4,3,24,At_Risk
14193,69,3,1210.19,3,3,3,33,Need_Attention
15377,384,4,1211.75,2,3,3,23,At_Risk
12464,12,8,1212.05,5,5,3,55,Champions
16653,18,2,1212.66,5,3,3,53,Potential_Loyalists
13918,51,2,1212.84,4,2,3,42,Potential_Loyalists
16872,79,6,1213.13,3,4,3,34,Loyal_Customers
18263,27,3,1213.16,4,3,3,43,Potential_Loyalists
13405,76,6,1213.81,3,4,3,34,Loyal_Customers
17198,25,3,1213.88,4,3,3,43,Potential_Loyalists
17410,18,5,1214.72,5,4,3,54,Champions
13140,110,5,1215.68,3,4,3,34,Loyal_Customers
15661,319,8,1215.95,2,4,3,24,At_Risk
15390,398,2,1216.66,2,2,3,22,Hibernating
13304,353,4,1217.99,2,3,3,23,At_Risk
13299,270,3,1218.7,2,3,3,23,At_Risk
14430,513,3,1220.9,1,3,3,13,At_Risk
16946,385,5,1222.04,2,4,3,24,At_Risk
13787,77,6,1222.5,3,4,3,34,Loyal_Customers
14512,189,7,1223.47,3,4,3,34,Loyal_Customers
15303,292,3,1224.18,2,3,3,23,At_Risk
15269,25,3,1225.36,4,3,3,43,Potential_Loyalists
17456,367,2,1225.42,2,2,3,22,Hibernating
17539,619,4,1226.57,1,3,3,13,At_Risk
13030,13,2,1227.22,5,3,3,53,Potential_Loyalists
12866,285,3,1227.35,2,3,3,23,At_Risk
17342,381,4,1227.54,2,3,3,23,At_Risk
13019,381,6,1229.95,2,4,3,24,At_Risk
12673,7,3,1230.02,5,3,3,53,Potential_Loyalists
17360,19,6,1231.38,5,4,3,54,Champions
18080,20,2,1231.5,5,3,3,53,Potential_Loyalists
16159,283,4,1232.79,2,3,3,23,At_Risk
12605,378,4,1232.95,2,3,3,23,At_Risk
17397,24,3,1233.18,4,3,3,43,Potential_Loyalists
15376,42,3,1233.36,4,3,3,43,Potential_Loyalists
14231,185,4,1235.62,3,3,3,33,Need_Attention
16501,385,1,1237.23,2,1,3,21,Hibernating
12985,2,2,1239.38,5,3,3,53,Potential_Loyalists
13863,249,4,1239.55,2,3,3,23,At_Risk
17529,612,2,1240.25,1,2,3,12,Hibernating
13201,504,4,1240.61,1,3,3,13,At_Risk
14446,2,5,1241.31,5,4,3,54,Champions
17201,55,4,1242.04,4,4,3,44,Loyal_Customers
15800,109,7,1242.58,3,4,3,34,Loyal_Customers
17076,38,6,1242.75,4,4,3,44,Loyal_Customers
14428,9,5,1244.83,5,4,3,54,Champions
13860,3,5,1245.9,5,4,3,54,Champions
15004,149,1,1246.32,3,2,3,32,About_to_Sleep
14382,28,2,1246.8,4,3,3,43,Potential_Loyalists
14240,32,3,1247.49,4,3,3,43,Potential_Loyalists
12689,27,2,1247.61,4,3,3,43,Potential_Loyalists
14383,40,3,1247.69,4,3,3,43,Potential_Loyalists
12666,396,1,1248.42,2,1,3,21,Hibernating
14020,18,4,1249.01,5,4,3,54,Champions
18135,31,10,1249.62,4,5,4,45,Loyal_Customers
15599,28,3,1250.06,4,3,4,43,Potential_Loyalists
14698,3,5,1250.76,5,4,4,54,Champions
16292,123,5,1253.76,3,4,4,34,Loyal_Customers
15664,52,4,1254.03,4,3,4,43,Potential_Loyalists
15441,398,3,1254.21,2,3,4,23,At_Risk
15064,412,4,1254.41,1,3,4,13,At_Risk
17481,5,4,1255.59,5,4,4,54,Champions
12402,325,6,1256.9,2,4,4,24,At_Risk
14931,6,5,1257.68,5,4,4,54,Champions
14871,5,9,1258.97,5,5,4,55,Champions
15651,38,5,1259.06,4,4,4,44,Loyal_Customers
13689,65,2,1259.5,3,2,4,32,About_to_Sleep
12993,25,8,1259.63,4,5,4,45,Loyal_Customers
17343,357,6,1259.94,2,4,4,24,At_Risk
16688,3,4,1260.86,5,4,4,54,Champions
14419,12,7,1260.91,5,4,4,54,Champions
13065,375,5,1260.91,2,4,4,24,At_Risk
15009,14,3,1261.78,5,3,4,53,Potential_Loyalists
14427,52,4,1263.52,4,3,4,43,Potential_Loyalists
16842,102,3,1264.19,3,3,4,33,Need_Attention
17635,426,3,1265.58,1,3,4,13,At_Risk
13515,74,6,1265.82,3,4,4,34,Loyal_Customers
17531,192,3,1266.82,2,3,4,23,At_Risk
17037,89,1,1267.32,3,2,4,32,About_to_Sleep
13892,28,6,1267.65,4,4,4,44,Loyal_Customers
14379,46,4,1268.91,4,3,4,43,Potential_Loyalists
15439,406,4,1269.05,2,3,4,23,At_Risk
13492,138,3,1269.84,3,3,4,33,Need_Attention
12630,11,2,1270.88,5,3,4,53,Potential_Loyalists
14984,21,6,1271.41,4,4,4,44,Loyal_Customers
16527,83,2,1272.44,3,2,4,32,About_to_Sleep
12394,65,2,1272.48,3,2,4,32,About_to_Sleep
17478,410,2,1272.8,2,2,4,22,Hibernating
17132,454,2,1272.8,1,2,4,12,Hibernating
14490,408,2,1273.47,2,2,4,22,Hibernating
15809,38,7,1274.44,4,4,4,44,Loyal_Customers
14820,23,9,1274.76,4,5,4,45,Loyal_Customers
13916,465,4,1275.81,1,3,4,13,At_Risk
14478,384,4,1276.66,2,3,4,23,At_Risk
18035,37,5,1276.74,4,4,4,44,Loyal_Customers
17759,19,5,1276.91,5,4,4,54,Champions
15211,62,2,1277.48,3,2,4,32,About_to_Sleep
15584,25,6,1277.5,4,4,4,44,Loyal_Customers
16951,136,3,1277.75,3,3,4,33,Need_Attention
13243,205,5,1278.04,2,4,4,24,At_Risk
17521,31,5,1278.06,4,4,4,44,Loyal_Customers
14474,48,2,1278.08,4,2,4,42,Potential_Loyalists
13617,42,8,1278.75,4,4,4,44,Loyal_Customers
17862,325,4,1279.09,2,3,4,23,At_Risk
13443,450,6,1280.16,1,4,4,14,At_Risk
17142,241,4,1283.75,2,3,4,23,At_Risk
17034,18,5,1283.92,5,4,4,54,Champions
13300,171,3,1285.51,3,3,4,33,Need_Attention
16949,5,6,1286.27,5,4,4,54,Champions
14821,368,7,1286.45,2,4,4,24,At_Risk
15136,4,4,1286.7,5,4,4,54,Champions
16608,455,2,1288.72,1,2,4,12,Hibernating
14679,383,3,1289.44,2,3,4,23,At_Risk
15171,333,1,1289.5,2,1,4,21,Hibernating
14619,247,2,1291.24,2,2,4,22,Hibernating
15621,6,4,1293.03,5,4,4,54,Champions
16212,21,4,1293.71,5,4,4,54,Champions
13440,425,7,1295.25,1,4,4,14,At_Risk
16929,5,7,1295.39,5,4,4,54,Champions
17109,31,8,1295.46,4,5,4,45,Loyal_Customers
15525,4,4,1295.7,5,4,4,54,Champions
18286,478,2,1296.43,1,2,4,12,Hibernating
14167,41,8,1296.49,4,4,4,44,Loyal_Customers
12372,73,3,1298.04,3,3,4,33,Need_Attention
12488,11,3,1298.66,5,3,4,53,Potential_Loyalists
14479,255,4,1299.11,2,3,4,23,At_Risk
16943,213,5,1299.49,2,4,4,24,At_Risk
14480,13,4,1299.52,5,4,4,54,Champions
14284,32,3,1299.65,4,3,4,43,Potential_Loyalists
15108,143,4,1300.25,3,3,4,33,Need_Attention
16723,93,4,1301.63,3,3,4,33,Need_Attention
16574,73,3,1301.78,3,3,4,33,Need_Attention
15400,94,8,1302.3,3,4,4,34,Loyal_Customers
15579,70,5,1302.5,3,4,4,34,Loyal_Customers
15813,209,2,1303.91,2,2,4,22,Hibernating
16744,13,7,1304.76,5,4,4,54,Champions
14297,19,4,1305.33,5,4,4,54,Champions
15677,51,3,1305.63,4,3,4,43,Potential_Loyalists
16282,341,3,1307.58,2,3,4,23,At_Risk
16777,82,5,1307.76,3,4,4,34,Loyal_Customers
13846,26,4,1307.79,4,4,4,44,Loyal_Customers
13328,318,1,1308.48,2,1,4,21,Hibernating
16377,269,2,1308.48,2,2,4,22,Hibernating
12717,153,3,1308.91,3,3,4,33,Need_Attention
16955,186,6,1309.41,3,4,4,34,Loyal_Customers
15038,60,9,1309.86,3,5,4,35,Loyal_Customers
13855,502,4,1310.34,1,3,4,13,At_Risk
14856,38,3,1311.38,4,3,4,43,Potential_Loyalists
12987,75,5,1312.21,3,4,4,34,Loyal_Customers
16756,216,7,1312.37,2,4,4,24,At_Risk
12639,240,3,1312.37,2,3,4,23,At_Risk
12364,9,4,1313.1,5,4,4,54,Champions
13282,20,4,1313.19,5,4,4,54,Champions
16296,628,4,1313.67,1,3,4,13,At_Risk
14973,109,3,1314.45,3,3,4,33,Need_Attention
16464,21,3,1314.68,4,3,4,43,Potential_Loyalists
14511,13,5,1314.81,5,4,4,54,Champions
14725,26,4,1315.24,4,4,4,44,Loyal_Customers
14921,32,2,1316.07,4,3,4,43,Potential_Loyalists
15471,4,3,1316.56,5,3,4,53,Potential_Loyalists
12526,2,3,1316.66,5,3,4,53,Potential_Loyalists
13497,284,6,1320.33,2,4,4,24,At_Risk
16370,84,4,1320.56,3,3,4,33,Need_Attention
12960,415,4,1322.07,1,3,4,13,At_Risk
16894,504,3,1324.06,1,3,4,13,At_Risk
14956,423,1,1325.0,1,1,4,11,Hibernating
17027,80,9,1327.11,3,5,4,35,Loyal_Customers
15146,166,2,1327.16,3,2,4,32,About_to_Sleep
14712,31,4,1328.07,4,4,4,44,Loyal_Customers
16295,11,4,1328.55,5,4,4,54,Champions
16372,35,5,1328.61,4,4,4,44,Loyal_Customers
15774,70,6,1329.94,3,4,4,34,Loyal_Customers
17932,31,3,1331.57,4,3,4,43,Potential_Loyalists
17033,88,4,1332.79,3,3,4,33,Need_Attention
12919,10,6,1335.19,5,4,4,54,Champions
13220,80,5,1336.09,3,4,4,34,Loyal_Customers
13803,257,3,1338.91,2,3,4,23,At_Risk
12711,613,2,1339.05,1,2,4,12,Hibernating
12620,16,3,1339.41,5,3,4,53,Potential_Loyalists
17097,4,9,1340.45,5,5,4,55,Champions
17499,291,2,1341.39,2,2,4,22,Hibernating
13743,4,7,1341.6,5,4,4,54,Champions
14618,11,7,1342.32,5,4,4,54,Champions
12463,55,4,1344.78,4,3,4,43,Potential_Loyalists
12426,196,2,1345.21,2,2,4,22,Hibernating
16222,320,2,1345.22,2,2,4,22,Hibernating
15398,18,2,1345.53,5,3,4,53,Potential_Loyalists
13639,76,2,1346.27,3,2,4,32,About_to_Sleep
14320,208,5,1346.75,2,4,4,24,At_Risk
12646,6,2,1346.97,5,3,4,53,Potential_Loyalists
14847,150,3,1348.95,3,3,4,33,Need_Attention
16079,18,3,1352.0,5,3,4,53,Potential_Loyalists
12591,319,3,1352.15,2,3,4,23,At_Risk
15116,19,4,1352.75,5,4,4,54,Champions
14550,12,4,1353.31,5,4,4,54,Champions
17054,30,5,1356.33,4,4,4,44,Loyal_Customers
12875,145,5,1356.99,3,4,4,34,Loyal_Customers
17429,130,5,1357.46,3,4,4,34,Loyal_Customers
13232,14,7,1357.6,5,4,4,54,Champions
15411,28,4,1358.88,4,4,4,44,Loyal_Customers
16384,91,4,1358.95,3,3,4,33,Need_Attention
14102,7,5,1360.28,5,4,4,54,Champions
13919,61,4,1360.68,3,3,4,33,Need_Attention
13396,31,2,1360.99,4,3,4,43,Potential_Loyalists
16588,388,4,1361.28,2,3,4,23,At_Risk
17796,42,7,1361.99,4,4,4,44,Loyal_Customers
16367,39,3,1362.4,4,3,4,43,Potential_Loyalists
15347,368,4,1363.6,2,3,4,23,At_Risk
13760,56,5,1363.64,4,4,4,44,Loyal_Customers
14114,275,7,1364.09,2,4,4,24,At_Risk
13035,75,3,1364.2,3,3,4,33,Need_Attention
12533,629,2,1367.89,1,2,4,12,Hibernating
14316,424,5,1370.34,1,4,4,14,At_Risk
14538,66,5,1370.84,3,4,4,34,Loyal_Customers
14434,23,6,1372.8,4,4,4,44,Loyal_Customers
14265,111,4,1373.35,3,3,4,33,Need_Attention
14577,14,7,1374.25,5,4,4,54,Champions
16669,25,3,1374.87,4,3,4,43,Potential_Loyalists
17150,378,6,1375.65,2,4,4,24,At_Risk
14853,26,5,1376.87,4,4,4,44,Loyal_Customers
12886,69,2,1378.4,3,2,4,32,About_to_Sleep
13074,513,4,1378.74,1,3,4,13,At_Risk
15751,462,11,1380.44,1,5,4,15,Cant_Loose
14861,54,10,1380.73,4,5,4,45,Loyal_Customers
15580,378,8,1381.19,2,4,4,24,At_Risk
16389,55,4,1382.07,4,4,4,44,Loyal_Customers
14116,21,5,1382.74,5,4,4,54,Champions
13572,207,1,1384.25,2,1,4,21,Hibernating
18167,25,3,1384.86,4,3,4,43,Potential_Loyalists
14899,397,1,1384.88,2,1,4,21,Hibernating
16167,416,5,1386.12,1,4,4,14,At_Risk
13382,282,5,1387.58,2,4,4,24,At_Risk
12952,7,4,1387.79,5,4,4,54,Champions
15453,3,7,1388.37,5,4,4,54,Champions
15154,77,3,1388.41,3,3,4,33,Need_Attention
15141,459,7,1388.47,1,4,4,14,At_Risk
15322,87,2,1390.86,3,2,4,32,About_to_Sleep
16300,432,3,1392.43,1,3,4,13,At_Risk
16129,409,3,1396.05,2,3,4,23,At_Risk
18202,201,3,1396.99,2,3,4,23,At_Risk
14687,108,3,1402.06,3,3,4,33,Need_Attention
15186,16,5,1403.2,5,4,4,54,Champions
18189,79,3,1403.73,3,3,4,33,Need_Attention
12765,474,6,1404.58,1,4,4,14,At_Risk
14909,439,3,1404.68,1,3,4,13,At_Risk
12695,9,7,1407.12,5,4,4,54,Champions
14083,6,11,1407.26,5,5,4,55,Champions
13049,66,4,1408.24,3,3,4,33,Need_Attention
16854,419,2,1408.96,1,2,4,12,Hibernating
17714,322,5,1410.18,2,4,4,24,At_Risk
13821,146,6,1410.73,3,4,4,34,Loyal_Customers
17908,375,5,1411.54,2,4,4,24,At_Risk
16848,54,4,1411.62,4,4,4,44,Loyal_Customers
15237,3,4,1412.32,5,4,4,54,Champions
17878,45,3,1412.33,4,3,4,43,Potential_Loyalists
17496,360,4,1412.89,2,3,4,23,At_Risk
16245,25,3,1413.66,4,3,4,43,Potential_Loyalists
14662,30,7,1416.33,4,4,4,44,Loyal_Customers
15223,227,5,1417.95,2,4,4,24,At_Risk
17856,3,4,1418.03,5,4,4,54,Champions
15444,11,2,1418.26,5,3,4,53,Potential_Loyalists
16173,17,6,1418.32,5,4,4,54,Champions
14775,60,3,1418.46,4,3,4,43,Potential_Loyalists
15652,93,5,1420.34,3,4,4,34,Loyal_Customers
16926,373,5,1421.35,2,4,4,24,At_Risk
14019,48,3,1421.61,4,3,4,43,Potential_Loyalists
16463,23,4,1422.4,4,4,4,44,Loyal_Customers
15106,19,5,1422.52,5,4,4,54,Champions
17438,255,5,1422.77,2,4,4,24,At_Risk
13145,41,7,1423.52,4,4,4,44,Loyal_Customers
15799,77,4,1424.29,3,3,4,33,Need_Attention
18221,24,6,1424.94,4,4,4,44,Loyal_Customers
17411,14,5,1425.38,5,4,4,54,Champions
14412,44,3,1426.19,4,3,4,43,Potential_Loyalists
18071,259,6,1428.63,2,4,4,24,At_Risk
15468,53,3,1430.48,4,3,4,43,Potential_Loyalists
13475,193,4,1431.78,2,3,4,23,At_Risk
17950,74,7,1432.81,3,4,4,34,Loyal_Customers
17941,132,4,1433.28,3,3,4,33,Need_Attention
12389,404,3,1433.33,2,3,4,23,At_Risk
13259,63,9,1433.38,3,5,4,35,Loyal_Customers
12805,383,4,1434.95,2,3,4,23,At_Risk
13278,42,4,1435.85,4,3,4,43,Potential_Loyalists
16727,366,4,1437.42,2,3,4,23,At_Risk
16088,577,2,1437.43,1,2,4,12,Hibernating
13159,10,4,1437.85,5,4,4,54,Champions
14071,5,8,1438.82,5,5,4,55,Champions
13543,636,2,1439.61,1,2,4,12,Hibernating
18066,77,3,1440.4,3,3,4,33,Need_Attention
17734,55,6,1442.32,4,4,4,44,Loyal_Customers
17175,46,4,1443.69,4,3,4,43,Potential_Loyalists
15636,91,4,1444.58,3,3,4,33,Need_Attention
13583,157,2,1445.03,3,2,4,32,About_to_Sleep
17073,19,4,1446.09,5,4,4,54,Champions
14591,17,4,1447.14,5,4,4,54,Champions
15076,174,3,1447.74,3,3,4,33,Need_Attention
17545,45,6,1448.54,4,4,4,44,Loyal_Customers
16906,83,7,1448.8,3,4,4,34,Loyal_Customers
13023,66,3,1449.03,3,3,4,33,Need_Attention
15876,411,2,1449.14,2,2,4,22,Hibernating
13361,474,2,1450.5,1,2,4,12,Hibernating
17582,238,5,1450.7,2,4,4,24,At_Risk
13165,48,3,1451.16,4,3,4,43,Potential_Loyalists
14487,28,7,1453.61,4,4,4,44,Loyal_Customers
16569,5,5,1455.23,5,4,4,54,Champions
15071,95,4,1455.56,3,4,4,34,Loyal_Customers
14657,19,6,1460.87,5,4,4,54,Champions
18106,331,6,1461.46,2,4,4,24,At_Risk
17978,367,4,1461.76,2,3,4,23,At_Risk
16586,250,3,1462.78,2,3,4,23,At_Risk
12882,11,2,1463.04,5,3,4,53,Potential_Loyalists
18196,97,4,1464.31,3,4,4,34,Loyal_Customers
13500,25,4,1466.3,4,4,4,44,Loyal_Customers
13138,24,7,1467.24,4,4,4,44,Loyal_Customers
14684,27,6,1468.55,4,4,4,44,Loyal_Customers
16980,257,3,1473.33,2,3,4,23,At_Risk
14246,112,3,1474.06,3,3,4,33,Need_Attention
16121,59,5,1477.09,4,4,4,44,Loyal_Customers
15101,10,6,1477.94,5,4,4,54,Champions
17590,4,3,1479.22,5,3,4,53,Potential_Loyalists
15630,47,3,1481.4,4,3,4,43,Potential_Loyalists
15427,35,3,1483.14,4,3,4,43,Potential_Loyalists
14609,74,10,1486.2,3,5,4,35,Loyal_Customers
16419,114,8,1487.42,3,4,4,34,Loyal_Customers
18268,136,6,1490.23,3,4,4,34,Loyal_Customers
16314,391,3,1491.4,2,3,4,23,At_Risk
16239,58,6,1492.2,4,4,4,44,Loyal_Customers
14894,87,3,1492.81,3,3,4,33,Need_Attention
15173,382,7,1494.6,2,4,4,24,At_Risk
15882,200,8,1495.98,2,4,4,24,At_Risk
15590,384,5,1496.6,2,4,4,24,At_Risk
13810,30,3,1499.01,4,3,4,43,Potential_Loyalists
16762,21,3,1501.38,5,3,4,53,Potential_Loyalists
17290,5,8,1501.44,5,5,4,55,Champions
14802,440,2,1502.98,1,2,4,12,Hibernating
16450,151,3,1505.73,3,3,4,33,Need_Attention
15110,25,6,1505.85,4,4,4,44,Loyal_Customers
17179,180,6,1507.26,3,4,4,34,Loyal_Customers
15261,137,4,1508.0,3,3,4,33,Need_Attention
13158,96,5,1508.18,3,4,4,34,Loyal_Customers
18074,375,2,1509.04,2,2,4,22,Hibernating
15948,10,3,1509.09,5,3,4,53,Potential_Loyalists
16037,271,5,1509.34,2,4,4,24,At_Risk
13370,373,1,1509.74,2,1,4,21,Hibernating
16910,6,8,1510.06,5,5,4,55,Champions
17025,62,5,1510.64,3,4,4,34,Loyal_Customers
14682,189,6,1514.81,3,4,4,34,Loyal_Customers
14220,249,4,1515.0,2,3,4,23,At_Risk
13791,129,2,1516.0,3,2,4,32,About_to_Sleep
14267,164,3,1516.24,3,3,4,33,Need_Attention
14264,156,6,1517.36,3,4,4,34,Loyal_Customers
15574,179,6,1518.7,3,4,4,34,Loyal_Customers
14055,108,3,1520.96,3,3,4,33,Need_Attention
16066,18,5,1521.87,5,4,4,54,Champions
15587,52,7,1522.08,4,4,4,44,Loyal_Customers
12970,9,10,1524.97,5,5,4,55,Champions
16340,109,3,1526.06,3,3,4,33,Need_Attention
17990,238,6,1527.61,2,4,4,24,At_Risk
14068,322,4,1528.37,2,3,4,23,At_Risk
17610,542,5,1529.49,1,4,4,14,At_Risk
16714,220,4,1529.8,2,3,4,23,At_Risk
14567,58,2,1530.36,4,2,4,42,Potential_Loyalists
16491,48,2,1533.16,4,2,4,42,Potential_Loyalists
13402,129,4,1535.13,3,3,4,33,Need_Attention
15798,494,3,1535.37,1,3,4,13,At_Risk
16835,130,6,1538.41,3,4,4,34,Loyal_Customers
13579,16,5,1539.04,5,4,4,54,Champions
13310,30,5,1541.2,4,4,4,44,Loyal_Customers
12818,263,1,1542.08,2,1,4,21,Hibernating
18252,52,7,1542.09,4,4,4,44,Loyal_Customers
13783,489,4,1542.09,1,3,4,13,At_Risk
15701,4,4,1542.14,5,4,4,54,Champions
16915,11,11,1543.18,5,5,4,55,Champions
16790,5,6,1545.62,5,4,4,54,Champions
17454,194,10,1547.94,2,5,4,25,Cant_Loose
16366,20,4,1548.13,5,4,4,54,Champions
12926,413,4,1548.46,1,3,4,13,At_Risk
14754,46,6,1550.48,4,4,4,44,Loyal_Customers
14186,429,5,1550.63,1,4,4,14,At_Risk
13377,398,2,1552.88,2,2,4,22,Hibernating
13360,433,4,1553.65,1,3,4,13,At_Risk
16017,49,5,1553.83,4,4,4,44,Loyal_Customers
15149,135,5,1554.61,3,4,4,34,Loyal_Customers
16394,58,5,1555.34,4,4,4,44,Loyal_Customers
13042,600,3,1556.54,1,3,4,13,At_Risk
16140,67,3,1557.6,3,3,4,33,Need_Attention
12629,387,2,1558.22,2,2,4,22,Hibernating
13939,25,7,1560.96,4,4,4,44,Loyal_Customers
17851,424,6,1563.34,1,4,4,14,At_Risk
18036,34,11,1563.64,4,5,4,45,Loyal_Customers
17323,17,12,1565.59,5,5,4,55,Champions
17977,31,2,1565.63,4,3,4,43,Potential_Loyalists
15074,107,3,1566.33,3,3,4,33,Need_Attention
17624,16,4,1568.63,5,4,4,54,Champions
13539,87,7,1569.36,3,4,4,34,Loyal_Customers
14198,20,9,1569.73,5,5,4,55,Champions
14136,402,5,1570.81,2,4,4,24,At_Risk
15466,87,4,1571.01,3,3,4,33,Need_Attention
16099,52,7,1573.2,4,4,4,44,Loyal_Customers
14489,209,4,1574.93,2,3,4,23,At_Risk
13337,548,1,1575.26,1,1,4,11,Hibernating
12549,577,6,1575.68,1,4,4,14,At_Risk
13186,41,3,1575.89,4,3,4,43,Potential_Loyalists
17649,140,3,1578.89,3,3,4,33,Need_Attention
12607,62,1,1579.51,3,2,4,32,About_to_Sleep
13202,396,7,1580.3,2,4,4,24,At_Risk
15279,356,5,1580.54,2,4,4,24,At_Risk
16096,266,4,1584.97,2,3,4,23,At_Risk
13156,387,3,1586.54,2,3,4,23,At_Risk
16092,116,6,1587.94,3,4,4,34,Loyal_Customers
17540,26,6,1590.6,4,4,4,44,Loyal_Customers
13752,126,7,1590.73,3,4,4,34,Loyal_Customers
15289,31,5,1593.09,4,4,4,44,Loyal_Customers
17837,44,8,1593.38,4,4,4,44,Loyal_Customers
17028,583,3,1593.83,1,3,4,13,At_Risk
16774,69,8,1594.45,3,4,4,34,Loyal_Customers
13239,263,5,1594.69,2,4,4,24,At_Risk
13850,131,1,1595.48,3,2,4,32,About_to_Sleep
15134,16,10,1596.29,5,5,4,55,Champions
12514,269,2,1597.76,2,2,4,22,Hibernating
13740,242,5,1597.77,2,4,4,24,At_Risk
14885,133,3,1598.12,3,3,4,33,Need_Attention
14587,20,9,1601.14,5,5,4,55,Champions
15325,105,8,1602.01,3,4,4,34,Loyal_Customers
14719,3,5,1602.13,5,4,4,54,Champions
17345,17,10,1604.68,5,5,4,55,Champions
17222,67,6,1605.01,3,4,4,34,Loyal_Customers
14920,214,3,1607.17,2,3,4,23,At_Risk
17853,409,3,1608.19,2,3,4,23,At_Risk
17886,33,6,1608.38,4,4,4,44,Loyal_Customers
13249,94,9,1608.93,3,5,4,35,Loyal_Customers
13900,185,6,1610.59,3,4,4,34,Loyal_Customers
16860,454,3,1610.62,1,3,4,13,At_Risk
14336,18,4,1614.91,5,4,4,54,Champions
16461,179,3,1615.22,3,3,4,33,Need_Attention
16224,59,5,1616.54,4,4,4,44,Loyal_Customers
17814,377,2,1617.32,2,2,4,22,Hibernating
17515,33,9,1617.46,4,5,4,45,Loyal_Customers
16801,165,4,1619.73,3,4,4,34,Loyal_Customers
15422,325,7,1619.97,2,4,4,24,At_Risk
14695,521,3,1620.07,1,3,4,13,At_Risk
12379,83,4,1620.22,3,3,4,33,Need_Attention
14178,10,7,1620.93,5,4,4,54,Champions
17867,32,15,1621.28,4,5,4,45,Loyal_Customers
14937,58,3,1621.88,4,3,4,43,Potential_Loyalists
17764,52,5,1623.64,4,4,4,44,Loyal_Customers
15172,10,5,1624.05,5,4,4,54,Champions
18149,52,7,1624.71,4,4,4,44,Loyal_Customers
13154,401,3,1624.84,2,3,4,23,At_Risk
14759,6,3,1625.97,5,3,4,53,Potential_Loyalists
16256,268,3,1629.37,2,3,4,23,At_Risk
18136,65,5,1631.36,3,4,4,34,Loyal_Customers
14164,72,2,1631.77,3,2,4,32,About_to_Sleep
18062,175,6,1632.67,3,4,4,34,Loyal_Customers
15310,480,1,1634.64,1,1,4,11,Hibernating
12398,47,1,1635.66,4,1,4,41,Promising
17951,41,4,1636.08,4,4,4,44,Loyal_Customers
17006,6,8,1636.32,5,5,4,55,Champions
12847,24,2,1636.9,4,3,4,43,Potential_Loyalists
13554,382,7,1638.28,2,4,4,24,At_Risk
14420,101,4,1639.17,3,4,4,34,Loyal_Customers
13506,318,5,1639.2,2,4,4,24,At_Risk
14904,4,4,1640.64,5,4,4,54,Champions
15013,489,10,1641.3,1,5,4,15,Cant_Loose
12657,13,4,1643.18,5,4,4,54,Champions
18085,332,4,1645.75,2,3,4,23,At_Risk
18022,37,5,1651.79,4,4,4,44,Loyal_Customers
12577,37,8,1653.75,4,4,4,44,Loyal_Customers
16625,276,5,1654.03,2,4,4,24,At_Risk
18276,45,6,1656.52,4,4,4,44,Loyal_Customers
15167,322,5,1659.67,2,4,4,24,At_Risk
15214,3,8,1661.44,5,4,4,54,Champions
12912,4,5,1662.3,5,4,4,54,Champions
13434,76,5,1666.86,3,4,4,34,Loyal_Customers
17534,55,5,1668.83,4,4,4,44,Loyal_Customers
13417,6,6,1669.49,5,4,4,54,Champions
13308,24,4,1670.37,4,4,4,44,Loyal_Customers
13587,65,4,1673.5,3,3,4,33,Need_Attention
17656,75,5,1674.69,3,4,4,34,Loyal_Customers
13149,16,4,1676.06,5,4,4,54,Champions
14831,682,3,1676.57,1,3,4,13,At_Risk
12870,377,3,1676.95,2,3,4,23,At_Risk
13649,258,6,1678.88,2,4,4,24,At_Risk
13800,311,3,1679.56,2,3,4,23,At_Risk
14643,172,5,1679.89,3,4,4,34,Loyal_Customers
12911,553,1,1680.47,1,1,4,11,Hibernating
13064,14,6,1680.74,5,4,4,54,Champions
15732,214,10,1682.07,2,5,4,25,Cant_Loose
15987,14,8,1682.13,5,5,4,55,Champions
13516,23,4,1685.26,4,4,4,44,Loyal_Customers
12775,19,7,1686.12,5,4,4,54,Champions
17041,28,6,1686.28,4,4,4,44,Loyal_Customers
15996,90,7,1686.9,3,4,4,34,Loyal_Customers
12933,26,8,1687.03,4,5,4,45,Loyal_Customers
12813,503,3,1687.8,1,3,4,13,At_Risk
13294,191,3,1689.53,2,3,4,23,At_Risk
16671,30,3,1692.27,4,3,4,43,Potential_Loyalists
14078,103,9,1692.63,3,5,4,35,Loyal_Customers
14829,31,7,1692.84,4,4,4,44,Loyal_Customers
16813,10,10,1692.98,5,5,4,55,Champions
14245,221,2,1693.45,2,2,4,22,Hibernating
12764,318,1,1693.88,2,1,4,21,Hibernating
17694,143,3,1695.97,3,3,4,33,Need_Attention
12932,541,8,1698.56,1,4,4,14,At_Risk
15326,335,5,1700.52,2,4,4,24,At_Risk
13184,16,10,1701.29,5,5,4,55,Champions
15911,625,8,1702.34,1,4,4,14,At_Risk
12693,129,7,1703.02,3,4,4,34,Loyal_Customers
16329,429,4,1703.07,1,3,4,13,At_Risk
17571,52,5,1703.75,4,4,4,44,Loyal_Customers
14859,14,5,1705.64,5,4,4,54,Champions
16398,156,2,1705.8,3,2,4,32,About_to_Sleep
13309,9,6,1706.37,5,4,4,54,Champions
16902,118,1,1706.88,3,2,4,32,About_to_Sleep
16907,31,9,1707.9,4,5,4,45,Loyal_Customers
16768,49,9,1708.12,4,5,4,45,Loyal_Customers
13566,42,5,1708.12,4,4,4,44,Loyal_Customers
12407,51,5,1708.12,4,4,4,44,Loyal_Customers
15947,84,1,1708.24,3,2,4,32,About_to_Sleep
15607,338,9,1708.97,2,5,4,25,Cant_Loose
17731,81,6,1708.99,3,4,4,34,Loyal_Customers
13104,5,9,1709.1,5,5,4,55,Champions
15551,38,7,1710.08,4,4,4,44,Loyal_Customers
12405,150,1,1710.39,3,2,4,32,About_to_Sleep
16654,143,8,1711.47,3,4,4,34,Loyal_Customers
13665,388,3,1711.66,2,3,4,23,At_Risk
14447,20,6,1711.73,5,4,4,54,Champions
14987,17,8,1713.85,5,5,4,55,Champions
17162,30,10,1715.46,4,5,4,45,Loyal_Customers
14021,157,7,1716.58,3,4,4,34,Loyal_Customers
15267,24,5,1717.36,4,4,4,44,Loyal_Customers
16119,10,8,1720.81,5,4,4,54,Champions
16899,9,8,1721.02,5,5,4,55,Champions
17451,3,7,1721.4,5,4,4,54,Champions
13363,19,3,1723.86,5,3,4,53,Potential_Loyalists
16010,247,11,1724.06,2,5,4,25,Cant_Loose
14304,224,3,1725.01,2,3,4,23,At_Risk
15730,67,5,1726.58,3,4,4,34,Loyal_Customers
16809,25,9,1727.43,4,5,4,45,Loyal_Customers
14400,151,3,1732.47,3,3,4,33,Need_Attention
13026,3,9,1733.08,5,5,4,55,Champions
17268,109,11,1733.89,3,5,4,35,Loyal_Customers
14075,6,6,1734.87,5,4,4,54,Champions
13531,207,6,1738.52,2,4,4,24,At_Risk
13240,98,8,1738.52,3,4,4,34,Loyal_Customers
16087,391,5,1739.92,2,4,4,24,At_Risk
17321,10,6,1741.18,5,4,4,54,Champions
12425,80,2,1741.41,3,2,4,32,About_to_Sleep
17190,60,7,1743.04,4,4,4,44,Loyal_Customers
14236,82,5,1744.64,3,4,4,34,Loyal_Customers
14692,139,12,1745.09,3,5,4,35,Loyal_Customers
17695,133,5,1746.04,3,4,4,34,Loyal_Customers
15976,167,6,1746.64,3,4,4,34,Loyal_Customers
13808,7,5,1747.66,5,4,4,54,Champions
14584,171,8,1747.91,3,4,4,34,Loyal_Customers
16639,33,4,1747.98,4,4,4,44,Loyal_Customers
13155,35,6,1750.18,4,4,4,44,Loyal_Customers
17432,20,9,1751.39,5,5,4,55,Champions
12809,179,3,1755.94,3,3,4,33,Need_Attention
16266,75,14,1757.95,3,5,4,35,Loyal_Customers
14522,26,8,1758.62,4,5,4,45,Loyal_Customers
16620,5,6,1758.93,5,4,4,54,Champions
15777,243,7,1762.61,2,4,4,24,At_Risk
13717,34,8,1763.3,4,5,4,45,Loyal_Customers
13648,402,8,1764.02,2,4,4,24,At_Risk
16751,32,1,1764.72,4,2,4,42,Potential_Loyalists
13456,19,6,1766.72,5,4,4,54,Champions
14933,445,4,1770.0,1,3,4,13,At_Risk
14387,34,3,1770.56,4,3,4,43,Potential_Loyalists
17813,16,5,1770.88,5,4,4,54,Champions
16374,68,5,1771.45,3,4,4,34,Loyal_Customers
15594,17,5,1771.78,5,4,4,54,Champions
16124,319,4,1772.49,2,3,4,23,At_Risk
13920,433,4,1774.68,1,3,4,13,At_Risk
12778,21,9,1775.68,5,5,4,55,Champions
12908,178,5,1776.0,3,4,4,34,Loyal_Customers
12458,73,4,1777.49,3,4,4,34,Loyal_Customers
15220,53,6,1778.96,4,4,4,44,Loyal_Customers
18214,532,4,1780.34,1,3,4,13,At_Risk
16380,63,1,1780.59,3,2,4,32,About_to_Sleep
14583,7,8,1781.03,5,4,4,54,Champions
15128,62,5,1783.68,3,4,4,34,Loyal_Customers
16611,188,6,1785.13,3,4,4,34,Loyal_Customers
15608,30,5,1785.98,4,4,4,44,Loyal_Customers
12369,415,3,1791.15,1,3,4,13,At_Risk
13375,90,2,1792.23,3,2,4,32,About_to_Sleep
13711,220,9,1792.26,2,5,4,25,Cant_Loose
17603,80,4,1793.48,3,3,4,33,Need_Attention
13782,14,13,1793.72,5,5,4,55,Champions
14850,313,7,1794.01,2,4,4,24,At_Risk
17165,286,6,1794.32,2,4,4,24,At_Risk
18236,31,12,1795.35,4,5,4,45,Loyal_Customers
18235,73,3,1796.48,3,3,4,33,Need_Attention
17750,7,9,1797.57,5,5,4,55,Champions
16348,34,8,1798.22,4,5,4,45,Loyal_Customers
15452,31,6,1799.11,4,4,4,44,Loyal_Customers
16249,54,5,1800.07,4,4,4,44,Loyal_Customers
18161,17,6,1803.1,5,4,4,54,Champions
12784,11,3,1804.75,5,3,4,53,Potential_Loyalists
18096,13,6,1805.28,5,4,4,54,Champions
15889,158,8,1806.28,3,4,4,34,Loyal_Customers
15133,129,5,1806.9,3,4,4,34,Loyal_Customers
14893,11,3,1809.61,5,3,4,53,Potential_Loyalists
16595,63,5,1810.18,3,4,4,34,Loyal_Customers
15972,458,5,1810.27,1,4,4,14,At_Risk
14915,93,11,1811.25,3,5,4,35,Loyal_Customers
14704,13,11,1813.57,5,5,4,55,Champions
15530,23,5,1813.72,4,4,4,44,Loyal_Customers
16634,224,6,1814.61,2,4,4,24,At_Risk
15736,437,2,1815.72,1,2,4,12,Hibernating
15807,52,5,1817.52,4,4,4,44,Loyal_Customers
16511,23,6,1819.02,4,4,4,44,Loyal_Customers
16110,47,4,1819.27,4,3,4,43,Potential_Loyalists
17828,24,4,1820.09,4,4,4,44,Loyal_Customers
17888,23,25,1820.44,4,5,4,45,Loyal_Customers
13561,217,11,1820.72,2,5,4,25,Cant_Loose
14738,44,9,1821.9,4,5,4,45,Loyal_Customers
16169,10,4,1822.97,5,4,4,54,Champions
17642,121,5,1824.49,3,4,4,34,Loyal_Customers
17244,55,5,1826.04,4,4,4,44,Loyal_Customers
18122,10,6,1826.21,5,4,4,54,Champions
16825,40,5,1826.89,4,4,4,44,Loyal_Customers
16797,395,5,1827.77,2,4,4,24,At_Risk
15339,68,7,1827.84,3,4,4,34,Loyal_Customers
16152,270,1,1829.04,2,1,4,21,Hibernating
15402,150,6,1830.54,3,4,4,34,Loyal_Customers
16205,32,7,1830.61,4,4,4,44,Loyal_Customers
16175,96,7,1836.44,3,4,4,34,Loyal_Customers
13924,3,6,1838.85,5,4,4,54,Champions
14870,263,6,1838.95,2,4,4,24,At_Risk
15822,5,6,1840.06,5,4,4,54,Champions
17919,90,2,1840.32,3,2,4,32,About_to_Sleep
14715,26,8,1840.45,4,5,4,45,Loyal_Customers
16880,32,8,1840.86,4,5,4,45,Loyal_Customers
14553,21,9,1841.54,4,5,4,45,Loyal_Customers
16102,44,3,1842.14,4,3,4,43,Potential_Loyalists
17015,30,3,1842.56,4,3,4,43,Potential_Loyalists
15201,89,7,1842.95,3,4,4,34,Loyal_Customers
12950,4,3,1843.0,5,3,4,53,Potential_Loyalists
12694,72,3,1843.35,3,3,4,33,Need_Attention
18180,6,6,1843.75,5,4,4,54,Champions
12507,136,4,1844.06,3,3,4,33,Need_Attention
12381,6,5,1845.31,5,4,4,54,Champions
12383,186,5,1850.56,3,4,4,34,Loyal_Customers
16043,39,8,1856.59,4,4,4,44,Loyal_Customers
16917,278,2,1857.83,2,2,4,22,Hibernating
17974,26,6,1858.06,4,4,4,44,Loyal_Customers
14305,73,3,1858.96,3,3,4,33,Need_Attention
14887,81,1,1862.0,3,2,4,32,About_to_Sleep
16474,9,7,1871.5,5,4,4,54,Champions
12494,17,9,1872.87,5,5,4,55,Champions
13168,38,5,1875.31,4,4,4,44,Loyal_Customers
13946,81,6,1876.23,3,4,4,34,Loyal_Customers
15197,12,6,1877.51,5,4,4,54,Champions
18151,136,6,1879.44,3,4,4,34,Loyal_Customers
16660,18,7,1879.55,5,4,4,54,Champions
14403,132,6,1880.51,3,4,4,34,Loyal_Customers
16725,304,14,1882.11,2,5,4,25,Cant_Loose
14130,321,4,1882.67,2,3,4,23,At_Risk
16172,97,8,1884.55,3,4,4,34,Loyal_Customers
13884,9,10,1888.48,5,5,4,55,Champions
14912,18,6,1889.25,5,4,4,54,Champions
17259,150,6,1889.34,3,4,4,34,Loyal_Customers
17341,158,5,1889.83,3,4,4,34,Loyal_Customers
15381,215,5,1890.57,2,4,4,24,At_Risk
16631,483,7,1892.52,1,4,4,14,At_Risk
15678,54,3,1893.89,4,3,4,43,Potential_Loyalists
15248,413,3,1893.93,1,3,4,13,At_Risk
17609,42,11,1894.34,4,5,4,45,Loyal_Customers
14327,165,6,1894.93,3,4,4,34,Loyal_Customers
17560,96,8,1895.8,3,4,4,34,Loyal_Customers
14741,13,7,1897.59,5,4,4,54,Champions
14224,112,9,1897.9,3,5,4,35,Loyal_Customers
14389,67,5,1898.01,3,4,4,34,Loyal_Customers
12762,9,2,1898.52,5,3,4,53,Potential_Loyalists
16049,42,6,1899.68,4,4,4,44,Loyal_Customers
14127,124,6,1900.08,3,4,4,34,Loyal_Customers
14250,9,3,1904.05,5,3,4,53,Potential_Loyalists
17235,27,8,1904.88,4,4,4,44,Loyal_Customers
13503,73,6,1905.39,3,4,4,34,Loyal_Customers
17350,10,7,1906.04,5,4,4,54,Champions
17046,159,5,1906.07,3,4,4,34,Loyal_Customers
12947,145,6,1908.03,3,4,4,34,Loyal_Customers
16426,4,10,1908.25,5,5,4,55,Champions
16692,258,4,1914.7,2,3,4,23,At_Risk
16555,37,6,1915.68,4,4,4,44,Loyal_Customers
16650,73,7,1916.11,3,4,4,34,Loyal_Customers
12842,72,4,1917.99,3,4,4,34,Loyal_Customers
12644,131,4,1918.49,3,3,4,33,Need_Attention
16942,14,9,1920.59,5,5,4,55,Champions
18220,228,6,1921.76,2,4,4,24,At_Risk
16681,74,7,1921.84,3,4,4,34,Loyal_Customers
14492,432,7,1921.91,1,4,4,14,At_Risk
14710,16,13,1922.59,5,5,4,55,Champions
13029,32,5,1927.3,4,4,4,44,Loyal_Customers
17236,14,12,1929.26,5,5,4,55,Champions
15803,53,4,1929.66,4,4,4,44,Loyal_Customers
16770,59,9,1932.13,4,5,4,45,Loyal_Customers
16859,146,7,1932.41,3,4,4,34,Loyal_Customers
12531,16,2,1933.2,5,3,4,53,Potential_Loyalists
12528,11,6,1933.48,5,4,4,54,Champions
15561,13,8,1934.39,5,4,4,54,Champions
15605,38,9,1936.8,4,5,4,45,Loyal_Customers
14418,5,3,1937.25,5,3,4,53,Potential_Loyalists
16619,265,4,1938.33,2,3,4,23,At_Risk
12385,381,1,1938.4,2,1,4,21,Hibernating
13276,65,5,1939.26,3,4,4,34,Loyal_Customers
15620,58,4,1942.36,4,3,4,43,Potential_Loyalists
14332,24,5,1943.51,4,4,4,44,Loyal_Customers
15425,402,4,1944.57,2,3,4,23,At_Risk
14014,79,3,1948.21,3,3,4,33,Need_Attention
16788,125,5,1950.3,3,4,4,34,Loyal_Customers
16993,465,2,1950.95,1,2,4,12,Hibernating
15885,94,15,1951.82,3,5,4,35,Loyal_Customers
13761,52,6,1952.17,4,4,4,44,Loyal_Customers
17554,3,5,1952.45,5,4,4,54,Champions
14794,4,10,1953.9,5,5,4,55,Champions
17135,18,10,1954.16,5,5,4,55,Champions
17039,606,1,1954.99,1,1,4,11,Hibernating
18016,34,7,1960.46,4,4,4,44,Loyal_Customers
15789,360,6,1962.01,2,4,4,24,At_Risk
12399,121,7,1962.3,3,4,4,34,Loyal_Customers
16233,73,9,1965.71,3,5,4,35,Loyal_Customers
15081,24,12,1965.72,4,5,4,45,Loyal_Customers
13838,7,10,1966.09,5,5,4,55,Champions
14477,21,7,1969.6,4,4,4,44,Loyal_Customers
16032,458,6,1970.45,1,4,4,14,At_Risk
12674,40,4,1970.6,4,4,4,44,Loyal_Customers
17997,76,8,1970.67,3,4,4,34,Loyal_Customers
14905,159,8,1971.39,3,4,4,34,Loyal_Customers
17966,39,10,1974.42,4,5,4,45,Loyal_Customers
15795,151,8,1979.87,3,4,4,34,Loyal_Customers
15030,73,8,1979.91,3,4,4,34,Loyal_Customers
17158,34,5,1980.0,4,4,4,44,Loyal_Customers
12582,240,4,1980.4,2,3,4,23,At_Risk
13725,51,8,1980.56,4,4,4,44,Loyal_Customers
15192,121,5,1981.39,3,4,4,34,Loyal_Customers
14967,51,6,1982.61,4,4,4,44,Loyal_Customers
17797,24,8,1985.87,4,4,4,44,Loyal_Customers
17351,38,12,1988.23,4,5,4,45,Loyal_Customers
13208,60,9,1988.5,4,5,4,45,Loyal_Customers
17088,30,4,1991.01,4,4,4,44,Loyal_Customers
13889,94,6,1991.23,3,4,4,34,Loyal_Customers
14301,119,4,1992.18,3,4,4,34,Loyal_Customers
15481,403,1,1993.34,2,1,4,21,Hibernating
18204,73,3,1993.7,3,3,4,33,Need_Attention
14152,77,7,1997.34,3,4,4,34,Loyal_Customers
16698,228,2,1998.0,2,2,4,22,Hibernating
14628,93,5,1998.0,3,4,4,34,Loyal_Customers
14730,3,8,2005.06,5,5,4,55,Champions
15531,10,2,2007.44,5,3,4,53,Potential_Loyalists
15990,46,7,2010.05,4,4,4,44,Loyal_Customers
16332,30,11,2010.41,4,5,4,45,Loyal_Customers
13693,376,9,2011.82,2,5,4,25,Cant_Loose
16529,192,4,2012.0,2,3,4,23,At_Risk
17152,196,4,2016.5,2,3,4,23,At_Risk
16197,471,9,2016.71,1,5,4,15,Cant_Loose
12348,77,5,2019.4,3,4,4,34,Loyal_Customers
13696,423,3,2020.4,1,3,4,13,At_Risk
12418,114,4,2021.2,3,3,4,33,Need_Attention
17227,20,12,2022.03,5,5,4,55,Champions
15478,42,3,2024.98,4,3,4,43,Potential_Loyalists
14631,52,6,2025.69,4,4,4,44,Loyal_Customers
13989,67,5,2026.06,3,4,4,34,Loyal_Customers
12873,284,3,2027.3,2,3,4,23,At_Risk
15384,171,4,2027.79,3,3,4,33,Need_Attention
17337,153,4,2027.87,3,4,4,34,Loyal_Customers
13630,7,7,2031.78,5,4,4,54,Champions
17846,87,1,2033.1,3,2,4,32,About_to_Sleep
14651,69,9,2034.12,3,5,4,35,Loyal_Customers
13705,9,7,2035.33,5,4,4,54,Champions
14225,436,4,2037.02,1,3,4,13,At_Risk
16331,434,6,2037.7,1,4,4,14,At_Risk
16214,172,4,2038.25,3,3,4,33,Need_Attention
15506,24,6,2040.03,4,4,4,44,Loyal_Customers
12585,236,2,2040.1,2,2,4,22,Hibernating
16960,40,8,2043.43,4,4,4,44,Loyal_Customers
15473,16,8,2046.0,5,5,4,55,Champions
14000,213,5,2046.34,2,4,4,24,At_Risk
13663,181,5,2047.51,3,4,4,34,Loyal_Customers
17666,5,5,2047.8,5,4,4,54,Champions
14232,44,5,2048.07,4,4,4,44,Loyal_Customers
16027,93,15,2048.36,3,5,4,35,Loyal_Customers
13984,28,12,2048.6,4,5,4,45,Loyal_Customers
13874,360,7,2049.15,2,4,4,24,At_Risk
17086,9,6,2050.08,5,4,4,54,Champions
16176,423,4,2052.69,1,3,4,13,At_Risk
16235,42,9,2053.71,4,5,4,45,Loyal_Customers
14188,32,6,2054.36,4,4,4,44,Loyal_Customers
15253,18,8,2055.09,5,4,4,54,Champions
16891,3,11,2056.82,5,5,4,55,Champions
12518,2,5,2056.89,5,4,4,54,Champions
17633,33,7,2057.39,4,4,4,44,Loyal_Customers
14623,34,10,2059.58,4,5,4,45,Loyal_Customers
18258,466,6,2059.67,1,4,4,14,At_Risk
13476,180,5,2061.47,3,4,4,34,Loyal_Customers
12586,19,4,2062.67,5,4,4,54,Champions
14988,213,7,2066.6,2,4,4,24,At_Risk
15164,70,9,2068.92,3,5,4,35,Loyal_Customers
16290,466,4,2069.3,1,3,4,13,At_Risk
17126,154,9,2070.44,3,5,4,35,Loyal_Customers
17048,119,7,2071.68,3,4,4,34,Loyal_Customers
18026,502,2,2074.07,1,2,4,12,Hibernating
17289,33,9,2079.39,4,5,4,45,Loyal_Customers
17705,5,11,2083.9,5,5,4,55,Champions
15272,59,6,2085.48,4,4,4,44,Loyal_Customers
15151,425,2,2085.61,1,2,4,12,Hibernating
16726,28,7,2088.41,4,4,4,44,Loyal_Customers
16794,3,15,2090.91,5,5,4,55,Champions
14896,206,8,2092.42,2,4,4,24,At_Risk
14723,12,11,2093.06,5,5,4,55,Champions
17585,111,7,2093.3,3,4,4,34,Loyal_Customers
13591,66,7,2093.94,3,4,4,34,Loyal_Customers
13753,289,4,2094.57,2,3,4,23,At_Risk
17742,115,11,2098.48,3,5,4,35,Loyal_Customers
12610,24,5,2099.54,4,4,4,44,Loyal_Customers
17159,23,5,2099.59,4,4,4,44,Loyal_Customers
16510,374,6,2100.0,2,4,4,24,At_Risk
12975,438,6,2100.09,1,4,4,14,At_Risk
15815,65,5,2100.6,3,4,4,34,Loyal_Customers
14276,100,7,2102.68,3,4,4,34,Loyal_Customers
15252,38,5,2103.41,4,4,4,44,Loyal_Customers
13265,55,5,2107.66,4,4,4,44,Loyal_Customers
12997,24,8,2110.91,4,4,4,44,Loyal_Customers
16934,56,6,2110.99,4,4,4,44,Loyal_Customers
16054,147,4,2111.88,3,4,4,34,Loyal_Customers
16201,5,5,2112.12,5,4,4,54,Champions
14469,418,4,2112.21,1,3,4,13,At_Risk
14399,396,8,2113.16,2,4,4,24,At_Risk
14691,32,5,2114.33,4,4,4,44,Loyal_Customers
15456,285,10,2119.27,2,5,4,25,Cant_Loose
14396,67,7,2121.93,3,4,4,34,Loyal_Customers
16996,32,9,2123.61,4,5,4,45,Loyal_Customers
16807,144,6,2123.88,3,4,4,34,Loyal_Customers
14634,439,4,2124.46,1,3,4,13,At_Risk
14360,33,4,2128.23,4,4,4,44,Loyal_Customers
13517,61,3,2128.42,3,3,4,33,Need_Attention
16493,81,7,2132.09,3,4,4,34,Loyal_Customers
12560,7,3,2134.01,5,3,4,53,Potential_Loyalists
17305,650,1,2135.46,1,1,4,11,Hibernating
17029,112,7,2137.3,3,4,4,34,Loyal_Customers
12687,482,2,2138.91,1,2,4,12,Hibernating
14499,28,7,2138.97,4,4,4,44,Loyal_Customers
13092,72,12,2140.28,3,5,4,35,Loyal_Customers
12576,37,8,2142.72,4,4,4,44,Loyal_Customers
16134,23,5,2145.34,4,4,4,44,Loyal_Customers
13152,419,7,2146.38,1,4,4,14,At_Risk
16004,476,5,2146.39,1,4,4,14,At_Risk
17272,44,4,2148.63,4,3,4,43,Potential_Loyalists
16716,268,3,2149.68,2,3,4,23,At_Risk
14216,5,5,2150.04,5,4,4,54,Champions
18239,220,6,2150.36,2,4,4,24,At_Risk
16275,198,3,2151.11,2,3,4,23,At_Risk
16600,6,13,2153.41,5,5,4,55,Champions
18116,69,13,2154.3,3,5,4,35,Loyal_Customers
16966,10,7,2154.97,5,4,4,54,Champions
18009,237,8,2155.83,2,4,4,24,At_Risk
13224,62,2,2155.95,3,2,4,32,About_to_Sleep
13643,33,10,2156.77,4,5,4,45,Loyal_Customers
16379,6,4,2157.4,5,4,4,54,Champions
14407,109,6,2157.73,3,4,4,34,Loyal_Customers
13755,5,9,2161.35,5,5,4,55,Champions
15944,278,4,2164.24,2,3,4,23,At_Risk
14595,21,8,2164.45,5,5,4,55,Champions
13888,121,7,2169.05,3,4,4,34,Loyal_Customers
12501,338,1,2169.39,2,1,4,21,Hibernating
15649,338,4,2170.35,2,3,4,23,At_Risk
13610,14,14,2175.88,5,5,4,55,Champions
12856,9,6,2179.93,5,4,4,54,Champions
15864,24,7,2180.76,4,4,4,44,Loyal_Customers
17822,422,5,2188.5,1,4,4,14,At_Risk
14212,91,2,2190.14,3,2,4,32,About_to_Sleep
15934,419,2,2190.66,1,2,4,12,Hibernating
16317,121,5,2192.51,3,4,4,34,Loyal_Customers
14006,117,7,2196.67,3,4,4,34,Loyal_Customers
14597,13,6,2201.54,5,4,4,54,Champions
13410,26,9,2201.96,4,5,4,45,Loyal_Customers
14834,19,7,2206.16,5,4,4,54,Champions
15476,382,4,2209.98,2,3,4,23,At_Risk
14708,4,5,2212.28,5,4,4,54,Champions
13478,471,5,2215.78,1,4,4,14,At_Risk
17648,62,5,2216.37,3,4,4,34,Loyal_Customers
18177,33,9,2216.87,4,5,4,45,Loyal_Customers
14321,12,7,2218.06,5,4,4,54,Champions
15550,6,12,2218.8,5,5,4,55,Champions
14467,19,12,2220.99,5,5,4,55,Champions
13365,35,2,2225.37,4,3,4,43,Potential_Loyalists
12783,4,6,2225.91,5,4,4,54,Champions
13320,80,6,2228.1,3,4,4,34,Loyal_Customers
14472,105,9,2228.22,3,5,4,35,Loyal_Customers
17460,96,16,2228.27,3,5,4,35,Loyal_Customers
14177,88,13,2229.34,3,5,4,35,Loyal_Customers
16076,5,10,2234.73,5,5,4,55,Champions
16221,38,9,2235.51,4,5,4,45,Loyal_Customers
16108,86,4,2235.92,3,3,4,33,Need_Attention
16551,97,7,2237.12,3,4,4,34,Loyal_Customers
15629,452,4,2240.9,1,3,4,13,At_Risk
17075,19,10,2241.73,5,5,4,55,Champions
13407,580,3,2244.7,1,3,4,13,At_Risk
13627,61,7,2245.9,3,4,4,34,Loyal_Customers
16174,128,7,2246.75,3,4,4,34,Loyal_Customers
12868,187,8,2247.06,3,4,4,34,Loyal_Customers
16177,52,8,2247.31,4,4,4,44,Loyal_Customers
18215,91,5,2247.49,3,4,4,34,Loyal_Customers
14644,69,7,2247.72,3,4,4,34,Loyal_Customers
15865,42,5,2248.92,4,4,4,44,Loyal_Customers
17414,45,6,2249.52,4,4,4,44,Loyal_Customers
13662,87,11,2250.11,3,5,4,35,Loyal_Customers
16350,23,9,2253.89,4,5,4,45,Loyal_Customers
14432,11,6,2255.51,5,4,4,54,Champions
17180,58,11,2256.98,4,5,4,45,Loyal_Customers
13814,94,3,2257.32,3,3,4,33,Need_Attention
16823,229,7,2260.09,2,4,4,24,At_Risk
15734,116,4,2263.3,3,4,4,34,Loyal_Customers
16042,24,8,2265.12,4,4,4,44,Loyal_Customers
15638,380,6,2265.2,2,4,4,24,At_Risk
13748,97,9,2268.35,3,5,4,35,Loyal_Customers
14462,68,12,2270.01,3,5,4,35,Loyal_Customers
13655,116,6,2280.51,3,4,4,34,Loyal_Customers
18051,636,7,2282.28,1,4,4,14,At_Risk
12684,9,7,2283.63,5,4,4,54,Champions
17018,42,6,2287.7,4,4,4,44,Loyal_Customers
17047,87,6,2289.23,3,4,4,34,Loyal_Customers
14901,13,12,2289.65,5,5,4,55,Champions
12649,109,8,2294.65,3,4,4,34,Loyal_Customers
16485,79,5,2294.68,3,4,4,34,Loyal_Customers
12599,31,13,2296.72,4,5,4,45,Loyal_Customers
13371,507,2,2297.66,1,2,4,12,Hibernating
16531,24,11,2298.33,4,5,4,45,Loyal_Customers
16077,627,1,2300.4,1,1,4,11,Hibernating
17324,19,12,2301.87,5,5,4,55,Champions
18095,314,5,2303.09,2,4,4,24,At_Risk
13059,251,10,2303.17,2,5,4,25,Cant_Loose
15946,504,3,2304.18,1,3,4,13,At_Risk
13704,7,9,2308.06,5,5,4,55,Champions
17193,37,9,2310.04,4,5,4,45,Loyal_Customers
14481,166,5,2311.49,3,4,4,34,Loyal_Customers
13994,5,6,2313.14,5,4,4,54,Champions
17994,123,11,2313.32,3,5,4,35,Loyal_Customers
14555,59,6,2315.63,4,4,4,44,Loyal_Customers
14346,122,5,2315.75,3,4,4,34,Loyal_Customers
12948,18,9,2317.43,5,5,4,55,Champions
12724,7,7,2317.52,5,4,4,54,Champions
16628,31,7,2318.1,4,4,4,44,Loyal_Customers
13055,80,4,2321.11,3,3,4,33,Need_Attention
13091,30,3,2321.82,4,3,4,43,Potential_Loyalists
14938,564,2,2322.43,1,2,4,12,Hibernating
17113,576,6,2322.59,1,4,4,14,At_Risk
13280,124,7,2322.63,3,4,4,34,Loyal_Customers
17313,33,1,2328.84,4,2,4,42,Potential_Loyalists
16496,10,6,2330.77,5,4,4,54,Champions
12584,5,9,2338.15,5,5,4,55,Champions
17282,132,5,2339.66,3,4,4,34,Loyal_Customers
12704,9,8,2340.84,5,5,4,55,Champions
16085,25,12,2343.53,4,5,4,45,Loyal_Customers
15549,79,8,2345.96,3,4,4,34,Loyal_Customers
16083,102,4,2351.42,3,4,4,34,Loyal_Customers
13614,26,6,2359.19,4,4,4,44,Loyal_Customers
16676,35,6,2361.9,4,4,4,44,Loyal_Customers
17634,38,9,2361.97,4,5,4,45,Loyal_Customers
14295,42,5,2362.91,4,4,4,44,Loyal_Customers
15015,503,13,2365.02,1,5,4,15,Cant_Loose
13908,81,4,2369.55,3,3,4,33,Need_Attention
17969,168,20,2369.94,3,5,4,35,Loyal_Customers
17434,4,7,2373.82,5,4,4,54,Champions
14554,12,4,2381.04,5,4,4,54,Champions
16065,367,8,2382.62,2,4,4,24,At_Risk
17905,73,13,2383.52,3,5,4,35,Loyal_Customers
17623,34,7,2383.67,4,4,4,44,Loyal_Customers
16105,250,5,2386.19,2,4,4,24,At_Risk
14443,55,5,2386.47,4,4,4,44,Loyal_Customers
17827,7,6,2388.05,5,4,4,54,Champions
15366,77,7,2389.08,3,4,4,34,Loyal_Customers
16812,362,4,2392.0,2,3,4,23,At_Risk
16883,189,19,2396.59,3,5,4,35,Loyal_Customers
16147,135,5,2398.91,3,4,4,34,Loyal_Customers
14414,93,8,2399.33,3,4,4,34,Loyal_Customers
12393,74,6,2399.45,3,4,4,34,Loyal_Customers
15793,16,8,2399.57,5,5,4,55,Champions
15341,82,2,2402.72,3,2,4,32,About_to_Sleep
17671,17,5,2403.34,5,4,4,54,Champions
16833,3,6,2409.04,5,4,4,54,Champions
12397,37,2,2409.9,4,2,4,42,Potential_Loyalists
14205,18,9,2414.2,5,5,4,55,Champions
13118,21,9,2415.41,4,5,4,45,Loyal_Customers
12802,188,7,2416.42,3,4,4,34,Loyal_Customers
16040,67,7,2416.9,3,4,4,34,Loyal_Customers
15489,24,8,2419.61,4,4,4,44,Loyal_Customers
15089,12,6,2420.84,5,4,4,54,Champions
15215,48,7,2422.43,4,4,4,44,Loyal_Customers
15658,192,8,2423.47,2,4,4,24,At_Risk
17921,66,10,2423.5,3,5,4,35,Loyal_Customers
12733,236,4,2424.87,2,3,4,23,At_Risk
17004,48,4,2425.16,4,3,4,43,Potential_Loyalists
13949,4,6,2427.32,5,4,4,54,Champions
15077,496,2,2428.08,1,2,4,12,Hibernating
16638,24,15,2430.53,4,5,4,45,Loyal_Customers
13094,23,13,2433.12,4,5,4,45,Loyal_Customers
13085,159,8,2433.28,3,4,4,34,Loyal_Customers
17505,163,5,2435.48,3,4,4,34,Loyal_Customers
16005,14,10,2436.22,5,5,4,55,Champions
15623,143,8,2437.05,3,4,4,34,Loyal_Customers
18171,60,9,2437.31,4,5,4,45,Loyal_Customers
13338,159,4,2445.62,3,4,4,34,Loyal_Customers
12701,81,6,2446.41,3,4,4,34,Loyal_Customers
17894,73,18,2453.38,3,5,4,35,Loyal_Customers
17629,7,10,2455.52,5,5,4,55,Champions
16470,53,11,2458.6,4,5,4,45,Loyal_Customers
17131,7,5,2463.17,5,4,4,54,Champions
15221,368,4,2465.45,2,3,4,23,At_Risk
17164,34,7,2467.35,4,4,4,44,Loyal_Customers
14421,59,6,2469.37,4,4,4,44,Loyal_Customers
12924,90,12,2469.4,3,5,4,35,Loyal_Customers
17732,374,8,2470.39,2,4,4,24,At_Risk
14502,21,11,2470.67,5,5,4,55,Champions
13762,220,5,2472.48,2,4,4,24,At_Risk
13878,56,4,2473.06,4,4,4,44,Loyal_Customers
14256,262,5,2473.99,2,4,4,24,At_Risk
13134,87,6,2475.23,3,4,4,34,Loyal_Customers
17348,16,9,2476.41,5,5,4,55,Champions
13588,17,9,2478.95,5,5,4,55,Champions
13507,5,4,2479.16,5,4,4,54,Champions
16520,188,6,2482.62,3,4,4,34,Loyal_Customers
14449,20,8,2482.8,5,5,4,55,Champions
15117,16,8,2485.97,5,5,4,55,Champions
15227,38,9,2488.49,4,5,4,45,Loyal_Customers
16795,367,3,2492.39,2,3,4,23,At_Risk
13414,135,6,2494.14,3,4,4,34,Loyal_Customers
15932,6,8,2495.87,5,5,4,55,Champions
17594,87,4,2497.88,3,3,4,33,Need_Attention
14541,60,14,2499.68,3,5,4,35,Loyal_Customers
17288,11,11,2499.98,5,5,4,55,Champions
16202,362,9,2501.99,2,5,4,25,Cant_Loose
12978,387,5,2502.82,2,4,4,24,At_Risk
12517,30,5,2502.84,4,4,4,44,Loyal_Customers
15860,42,17,2505.21,4,5,4,45,Loyal_Customers
17101,12,7,2507.05,5,4,4,54,Champions
14790,18,10,2526.62,5,5,4,55,Champions
14659,10,9,2529.93,5,5,4,55,Champions
16889,196,6,2530.9,2,4,4,24,At_Risk
13471,3,4,2531.58,5,4,4,54,Champions
16016,5,11,2533.94,5,5,4,55,Champions
16987,5,11,2535.9,5,5,4,55,Champions
14810,42,13,2537.02,4,5,4,45,Loyal_Customers
17465,427,7,2542.79,1,4,4,14,At_Risk
13344,69,3,2543.72,3,3,4,33,Need_Attention
18179,11,8,2547.55,5,4,4,54,Champions
17550,199,9,2547.64,2,5,4,25,Cant_Loose
15906,21,10,2555.64,4,5,4,45,Loyal_Customers
13862,20,9,2556.09,5,5,4,55,Champions
16036,89,4,2556.84,3,3,4,33,Need_Attention
17463,18,7,2557.91,5,4,4,54,Champions
13192,97,6,2558.58,3,4,4,34,Loyal_Customers
15747,14,9,2562.61,5,5,4,55,Champions
13623,32,10,2566.49,4,5,4,45,Loyal_Customers
15434,10,11,2567.06,5,5,4,55,Champions
13652,47,5,2570.85,4,4,4,44,Loyal_Customers
17002,87,7,2571.55,3,4,4,34,Loyal_Customers
14745,114,12,2571.81,3,5,4,35,Loyal_Customers
17095,24,7,2572.25,4,4,4,44,Loyal_Customers
16115,11,12,2575.14,5,5,4,55,Champions
16499,362,8,2578.34,2,4,4,24,At_Risk
16244,213,2,2579.38,2,2,4,22,Hibernating
13151,297,3,2580.74,2,3,4,23,At_Risk
12592,94,5,2582.66,3,4,4,34,Loyal_Customers
17897,174,9,2585.0,3,5,4,35,Loyal_Customers
15062,73,8,2585.62,3,4,4,34,Loyal_Customers
15033,6,10,2586.67,5,5,4,55,Champions
14147,80,9,2590.2,3,5,4,35,Loyal_Customers
14129,3,9,2591.34,5,5,4,55,Champions
14229,53,7,2594.04,4,4,4,44,Loyal_Customers
14163,89,5,2594.62,3,4,4,34,Loyal_Customers
12412,76,6,2596.93,3,4,4,34,Loyal_Customers
15826,58,4,2598.28,4,4,4,44,Loyal_Customers
17317,48,3,2600.34,4,3,4,43,Potential_Loyalists
17787,154,4,2601.47,3,3,4,33,Need_Attention
16206,56,13,2602.32,4,5,4,45,Loyal_Customers
14564,436,2,2605.62,1,2,4,12,Hibernating
14397,4,19,2612.96,5,5,4,55,Champions
13700,28,13,2613.46,4,5,4,45,Loyal_Customers
14431,304,4,2614.2,2,3,4,23,At_Risk
15426,21,9,2615.39,5,5,4,55,Champions
14195,203,6,2615.6,2,4,4,24,At_Risk
17043,34,8,2616.55,4,5,4,45,Loyal_Customers
14262,10,8,2618.23,5,5,4,55,Champions
15142,48,6,2619.92,4,4,4,44,Loyal_Customers
14573,181,13,2621.42,3,5,4,35,Loyal_Customers
12423,2,10,2622.39,5,5,4,55,Champions
12671,608,1,2622.48,1,1,4,11,Hibernating
13644,18,4,2624.26,5,4,4,54,Champions
13422,66,1,2626.3,3,2,4,32,About_to_Sleep
14548,152,9,2627.49,3,5,4,35,Loyal_Customers
16276,178,3,2629.39,3,3,4,33,Need_Attention
12520,81,5,2634.26,3,4,4,34,Loyal_Customers
15814,18,6,2634.44,5,4,4,54,Champions
13173,6,11,2639.35,5,5,4,55,Champions
13819,303,6,2642.35,2,4,4,24,At_Risk
13117,23,18,2643.81,4,5,4,45,Loyal_Customers
16618,33,5,2647.59,4,4,4,44,Loyal_Customers
13203,11,10,2648.25,5,5,4,55,Champions
12516,79,4,2648.62,3,3,4,33,Need_Attention
17744,5,7,2649.14,5,4,4,54,Champions
14410,94,11,2651.14,3,5,4,35,Loyal_Customers
14756,17,3,2653.76,5,3,4,53,Potential_Loyalists
15157,5,5,2654.11,5,4,4,54,Champions
15671,20,7,2657.13,5,4,4,54,Champions
13473,62,8,2657.76,3,4,4,34,Loyal_Customers
16369,20,7,2664.81,5,4,4,54,Champions
14496,313,7,2668.23,2,4,4,24,At_Risk
15910,2,15,2681.8,5,5,4,55,Champions
12820,5,11,2689.52,5,5,4,55,Champions
17388,79,11,2691.57,3,5,4,35,Loyal_Customers
12725,373,4,2694.56,2,3,4,23,At_Risk
18173,88,5,2696.36,3,4,4,34,Loyal_Customers
16359,9,16,2697.75,5,5,4,55,Champions
16232,45,7,2712.97,4,4,4,44,Loyal_Customers
15985,125,7,2715.28,3,4,4,34,Loyal_Customers
16190,42,8,2723.55,4,4,4,44,Loyal_Customers
12739,80,4,2726.73,3,3,4,33,Need_Attention
13211,12,10,2729.32,5,5,4,55,Champions
12986,430,10,2729.84,1,5,4,15,Cant_Loose
15111,31,5,2730.87,4,4,4,44,Loyal_Customers
15389,174,5,2733.8,3,4,4,34,Loyal_Customers
18283,5,22,2736.65,5,5,4,55,Champions
14125,12,3,2740.43,5,3,4,53,Potential_Loyalists
14808,41,8,2741.17,4,4,4,44,Loyal_Customers
16434,31,12,2741.74,4,5,4,45,Loyal_Customers
15841,74,9,2742.41,3,5,4,35,Loyal_Customers
12669,152,3,2744.03,3,3,4,33,Need_Attention
17241,387,12,2744.14,2,5,4,25,Cant_Loose
12982,244,8,2744.81,2,4,4,24,At_Risk
14665,62,7,2749.65,3,4,4,34,Loyal_Customers
17490,2,9,2750.5,5,5,4,55,Champions
17262,54,11,2757.62,4,5,4,45,Loyal_Customers
17115,10,7,2761.49,5,4,4,54,Champions
13813,41,8,2765.47,4,4,4,44,Loyal_Customers
17676,6,10,2765.84,5,5,4,55,Champions
13736,7,7,2766.21,5,4,4,54,Champions
15817,422,3,2766.4,1,3,4,13,At_Risk
14696,6,8,2767.9,5,5,4,55,Champions
18210,3,7,2768.83,5,4,4,54,Champions
17720,28,10,2768.91,4,5,4,45,Loyal_Customers
13695,33,16,2770.73,4,5,4,45,Loyal_Customers
12391,23,6,2773.42,4,4,4,44,Loyal_Customers
17031,13,6,2773.85,5,4,4,54,Champions
16335,553,7,2774.0,1,4,4,14,At_Risk
17591,75,8,2776.67,3,4,4,34,Loyal_Customers
16104,63,9,2778.61,3,5,4,35,Loyal_Customers
14121,5,4,2780.15,5,4,4,54,Champions
17790,28,20,2783.61,4,5,4,45,Loyal_Customers
15021,10,12,2783.83,5,5,4,55,Champions
15073,11,8,2788.02,5,4,4,54,Champions
12863,54,6,2792.55,4,4,4,44,Loyal_Customers
17284,62,8,2793.16,3,4,4,34,Loyal_Customers
15993,10,7,2797.57,5,4,4,54,Champions
16764,5,13,2799.25,5,5,4,55,Champions
13205,445,1,2803.2,1,1,4,11,Hibernating
13799,118,9,2803.57,3,5,4,35,Loyal_Customers
14869,10,6,2804.24,5,4,4,54,Champions
17470,46,11,2804.87,4,5,4,45,Loyal_Customers
16817,4,13,2804.9,5,5,4,55,Champions
13330,94,6,2806.18,3,4,4,34,Loyal_Customers
14903,23,5,2810.63,4,4,4,44,Loyal_Customers
16871,24,6,2812.34,4,4,4,44,Loyal_Customers
17386,9,7,2812.77,5,4,4,54,Champions
15660,27,15,2812.99,4,5,4,45,Loyal_Customers
13719,17,11,2815.25,5,5,4,55,Champions
15797,115,6,2821.08,3,4,4,34,Loyal_Customers
16407,14,14,2821.65,5,5,4,55,Champions
14842,45,4,2824.69,4,3,4,43,Potential_Loyalists
17368,25,14,2826.14,4,5,4,45,Loyal_Customers
13477,39,11,2834.17,4,5,4,45,Loyal_Customers
16554,44,8,2841.72,4,4,4,44,Loyal_Customers
12676,26,11,2843.09,4,5,4,45,Loyal_Customers
13032,54,9,2843.55,4,5,4,45,Loyal_Customers
16163,234,6,2849.58,2,4,4,24,At_Risk
14935,299,2,2849.83,2,2,4,22,Hibernating
12352,38,10,2849.84,4,5,4,45,Loyal_Customers
16742,48,14,2852.61,4,5,4,45,Loyal_Customers
13728,38,16,2855.17,4,5,4,45,Loyal_Customers
14035,30,9,2856.72,4,5,4,45,Loyal_Customers
16979,5,9,2859.74,5,5,4,55,Champions
14875,109,3,2862.4,3,3,4,33,Need_Attention
12685,30,6,2863.08,4,4,4,44,Loyal_Customers
16062,11,8,2863.45,5,5,4,55,Champions
14758,146,7,2864.97,3,4,4,34,Loyal_Customers
16086,61,10,2864.99,3,5,4,35,Loyal_Customers
15563,24,7,2867.0,4,4,4,44,Loyal_Customers
16225,46,15,2867.41,4,5,4,45,Loyal_Customers
16229,89,6,2867.86,3,4,4,34,Loyal_Customers
16711,5,9,2868.48,5,5,4,55,Champions
14711,12,11,2868.8,5,5,4,55,Champions
16467,510,7,2869.16,1,4,4,14,At_Risk
15043,33,6,2873.8,4,4,4,44,Loyal_Customers
14005,11,5,2874.72,5,4,4,54,Champions
18170,35,9,2878.0,4,5,4,45,Loyal_Customers
12806,437,4,2878.96,1,3,4,13,At_Risk
14251,3,5,2879.7,5,4,4,54,Champions
16633,19,6,2883.1,5,4,4,54,Champions
13501,290,3,2885.11,2,3,4,23,At_Risk
17242,110,5,2889.28,3,4,4,34,Loyal_Customers
15100,335,7,2894.7,2,4,4,24,At_Risk
17320,102,6,2895.77,3,4,4,34,Loyal_Customers
14404,35,13,2899.11,4,5,4,45,Loyal_Customers
16755,116,7,2900.58,3,4,4,34,Loyal_Customers
14233,51,7,2904.27,4,4,4,44,Loyal_Customers
13455,26,6,2905.93,4,4,4,44,Loyal_Customers
12438,16,2,2906.85,5,3,4,53,Potential_Loyalists
13784,11,14,2910.23,5,5,4,55,Champions
15392,6,7,2911.62,5,4,4,54,Champions
16358,3,5,2919.65,5,4,4,54,Champions
12906,13,5,2919.81,5,4,4,54,Champions
13890,3,14,2927.38,5,5,4,55,Champions
15862,10,13,2928.29,5,5,4,55,Champions
15312,77,12,2930.19,3,5,4,35,Loyal_Customers
12635,91,4,2930.41,3,3,4,33,Need_Attention
14524,33,13,2933.71,4,5,4,45,Loyal_Customers
15235,219,16,2937.81,2,5,4,25,Cant_Loose
17588,102,7,2939.55,3,4,4,34,Loyal_Customers
17444,149,3,2940.04,3,3,4,33,Need_Attention
15757,67,6,2940.36,3,4,4,34,Loyal_Customers
13253,158,4,2951.11,3,3,4,33,Need_Attention
14867,187,16,2952.06,3,5,4,35,Loyal_Customers
13764,72,6,2953.26,3,4,4,34,Loyal_Customers
12877,5,20,2955.17,5,5,4,55,Champions
12826,4,12,2955.75,5,5,4,55,Champions
16736,507,5,2956.56,1,4,4,14,At_Risk
13110,33,12,2957.47,4,5,4,45,Loyal_Customers
13012,11,11,2972.83,5,5,4,55,Champions
16416,28,9,2972.88,4,5,5,45,Loyal_Customers
16383,76,7,2974.84,3,4,5,34,Loyal_Customers
17692,129,12,2975.8,3,5,5,35,Loyal_Customers
14544,26,3,2982.43,4,3,5,43,Potential_Loyalists
15329,41,11,2984.33,4,5,5,45,Loyal_Customers
18241,11,21,2986.99,5,5,5,55,Champions
12374,27,4,2989.22,4,4,5,44,Loyal_Customers
15681,27,14,2989.7,4,5,5,45,Loyal_Customers
16012,37,5,2989.79,4,4,5,44,Loyal_Customers
15687,10,9,2993.1,5,5,5,55,Champions
12854,80,7,2994.02,3,4,5,34,Loyal_Customers
17961,23,100,2995.54,4,5,5,45,Loyal_Customers
12457,68,8,2995.91,3,4,5,34,Loyal_Customers
15611,11,26,2997.28,5,5,5,55,Champions
15182,156,11,2998.95,3,5,5,35,Loyal_Customers
15810,80,8,2999.04,3,4,5,34,Loyal_Customers
13635,69,4,2999.16,3,3,5,33,Need_Attention
14621,3,9,3000.57,5,5,5,55,Champions
14226,30,6,3002.53,4,4,5,44,Loyal_Customers
17032,549,8,3004.6,1,4,5,14,At_Risk
14590,426,20,3006.62,1,5,5,15,Cant_Loose
12754,237,3,3010.74,2,3,5,23,At_Risk
13963,310,17,3011.87,2,5,5,25,Cant_Loose
15965,19,13,3013.09,5,5,5,55,Champions
13485,235,11,3019.22,2,5,5,25,Cant_Loose
13557,30,13,3032.26,4,5,5,45,Loyal_Customers
15754,53,9,3037.61,4,5,5,45,Loyal_Customers
15967,25,12,3041.6,4,5,5,45,Loyal_Customers
14916,72,8,3042.95,3,4,5,34,Loyal_Customers
16560,28,8,3048.38,4,4,5,44,Loyal_Customers
15241,68,11,3050.16,3,5,5,35,Loyal_Customers
15716,147,11,3056.81,3,5,5,35,Loyal_Customers
16775,12,16,3056.89,5,5,5,55,Champions
16120,61,6,3056.91,3,4,5,34,Loyal_Customers
14456,7,9,3062.4,5,5,5,55,Champions
13077,3,11,3064.67,5,5,5,55,Champions
13196,13,7,3068.84,5,4,5,54,Champions
14038,80,5,3069.88,3,4,5,34,Loyal_Customers
13631,101,11,3070.42,3,5,5,35,Loyal_Customers
12469,524,2,3070.54,1,2,5,12,Hibernating
13647,11,8,3071.68,5,4,5,54,Champions
17884,5,20,3072.89,5,5,5,55,Champions
16007,49,7,3075.14,4,4,5,44,Loyal_Customers
17929,13,12,3082.1,5,5,5,55,Champions
12511,430,1,3084.02,1,1,5,11,Hibernating
17552,62,12,3085.29,3,5,5,35,Loyal_Customers
14312,48,11,3090.29,4,5,5,45,Loyal_Customers
12849,33,6,3090.56,4,4,5,44,Loyal_Customers
15105,20,9,3094.91,5,5,5,55,Champions
12937,17,9,3097.61,5,5,5,55,Champions
13464,60,6,3097.64,4,4,5,44,Loyal_Customers
15491,97,6,3100.09,3,4,5,34,Loyal_Customers
12909,41,8,3103.19,4,4,5,44,Loyal_Customers
17870,4,13,3108.15,5,5,5,55,Champions
16678,4,12,3109.99,5,5,5,55,Champions
13538,45,12,3112.73,4,5,5,45,Loyal_Customers
13772,35,8,3114.22,4,5,5,45,Loyal_Customers
13692,26,5,3114.4,4,4,5,44,Loyal_Customers
14700,34,5,3116.26,4,4,5,44,Loyal_Customers
13685,4,7,3119.44,5,4,5,54,Champions
17145,514,4,3120.91,1,3,5,13,At_Risk
15199,61,10,3122.4,3,5,5,35,Loyal_Customers
14044,28,10,3123.1,4,5,5,45,Loyal_Customers
15596,102,9,3130.04,3,5,5,35,Loyal_Customers
13742,18,12,3131.02,5,5,5,55,Champions
14897,9,8,3140.54,5,5,5,55,Champions
17530,3,12,3141.51,5,5,5,55,Champions
15095,105,10,3141.64,3,5,5,35,Loyal_Customers
14978,74,10,3142.14,3,5,5,35,Loyal_Customers
17354,52,4,3143.46,4,3,5,43,Potential_Loyalists
17702,32,6,3144.04,4,4,5,44,Loyal_Customers
15614,439,4,3147.36,1,3,5,13,At_Risk
17090,6,13,3149.48,5,5,5,55,Champions
14306,53,6,3151.4,4,4,5,44,Loyal_Customers
14748,31,10,3152.32,4,5,5,45,Loyal_Customers
12976,213,8,3156.38,2,4,5,24,At_Risk
15031,6,14,3156.58,5,5,5,55,Champions
16400,96,9,3159.44,3,5,5,35,Loyal_Customers
16584,82,5,3163.67,3,4,5,34,Loyal_Customers
14963,11,12,3164.48,5,5,5,55,Champions
16041,32,3,3166.4,4,3,5,43,Potential_Loyalists
13052,214,7,3168.53,2,4,5,24,At_Risk
17640,88,6,3168.94,3,4,5,34,Loyal_Customers
16837,33,11,3170.98,4,5,5,45,Loyal_Customers
17621,23,6,3175.12,4,4,5,44,Loyal_Customers
15353,256,7,3175.95,2,4,5,24,At_Risk
17228,17,13,3177.24,5,5,5,55,Champions
12456,46,3,3181.04,4,3,5,43,Potential_Loyalists
16933,3,9,3181.25,5,5,5,55,Champions
13397,74,10,3191.87,3,5,5,35,Loyal_Customers
13868,9,2,3192.54,5,3,5,53,Potential_Loyalists
15027,32,10,3195.6,4,5,5,45,Loyal_Customers
14315,46,8,3197.82,4,4,5,44,Loyal_Customers
17147,24,9,3199.95,4,5,5,45,Loyal_Customers
16107,19,7,3204.16,5,4,5,54,Champions
13804,32,9,3208.52,4,5,5,45,Loyal_Customers
16918,51,16,3213.29,4,5,5,45,Loyal_Customers
12951,10,15,3213.72,5,5,5,55,Champions
13268,19,11,3214.69,5,5,5,55,Champions
16515,54,10,3216.3,4,5,5,45,Loyal_Customers
16059,67,12,3217.77,3,5,5,35,Loyal_Customers
16101,72,4,3229.16,3,4,5,34,Loyal_Customers
15602,10,16,3230.51,5,5,5,55,Champions
15625,105,9,3236.4,3,5,5,35,Loyal_Customers
17353,131,4,3242.0,3,3,5,33,Need_Attention
15140,54,8,3243.69,4,4,5,44,Loyal_Customers
14669,243,7,3243.93,2,4,5,24,At_Risk
16612,34,9,3245.43,4,5,5,45,Loyal_Customers
12770,212,2,3246.45,2,2,5,22,Hibernating
15057,277,5,3255.96,2,4,5,24,At_Risk
13214,419,7,3264.23,1,4,5,14,At_Risk
14293,5,9,3267.93,5,5,5,55,Champions
15978,79,3,3279.42,3,3,5,33,Need_Attention
18188,17,6,3280.59,5,4,5,54,Champions
14285,23,8,3284.42,4,4,5,44,Loyal_Customers
14507,25,11,3284.43,4,5,5,45,Loyal_Customers
15632,17,8,3285.31,5,5,5,55,Champions
13650,18,10,3288.0,5,5,5,55,Champions
14506,19,7,3290.67,5,4,5,54,Champions
16365,19,15,3307.2,5,5,5,55,Champions
14451,62,12,3308.77,3,5,5,35,Loyal_Customers
13131,25,7,3313.77,4,4,5,44,Loyal_Customers
13824,34,12,3314.76,4,5,5,45,Loyal_Customers
13431,69,8,3316.24,3,4,5,34,Loyal_Customers
14161,217,7,3318.88,2,4,5,24,At_Risk
13611,91,10,3319.53,3,5,5,35,Loyal_Customers
13291,157,11,3320.84,3,5,5,35,Loyal_Customers
12865,28,4,3323.47,4,4,5,44,Loyal_Customers
15065,39,5,3326.86,4,4,5,44,Loyal_Customers
17774,98,9,3328.05,3,5,5,35,Loyal_Customers
16351,334,13,3330.03,2,5,5,25,Cant_Loose
14064,31,15,3332.42,4,5,5,45,Loyal_Customers
14344,129,20,3333.7,3,5,5,35,Loyal_Customers
13848,94,8,3335.0,3,4,5,34,Loyal_Customers
12424,164,4,3340.03,3,4,5,34,Loyal_Customers
15265,153,4,3345.64,3,3,5,33,Need_Attention
17183,9,6,3347.31,5,4,5,54,Champions
16818,12,11,3349.57,5,5,5,55,Champions
14608,6,11,3352.94,5,5,5,55,Champions
15538,539,6,3358.4,1,4,5,14,At_Risk
13786,369,6,3358.94,2,4,5,24,At_Risk
13285,25,6,3364.59,4,4,5,44,Loyal_Customers
13707,269,5,3365.86,2,4,5,24,At_Risk
13135,198,2,3371.45,2,2,5,22,Hibernating
17723,129,7,3378.4,3,4,5,34,Loyal_Customers
13246,20,11,3387.43,5,5,5,55,Champions
16067,564,3,3395.29,1,3,5,13,At_Risk
12838,35,10,3398.48,4,5,5,45,Loyal_Customers
15114,32,12,3400.12,4,5,5,45,Loyal_Customers
13823,20,7,3403.45,5,4,5,54,Champions
13425,110,5,3403.63,3,4,5,34,Loyal_Customers
13437,16,7,3408.06,5,4,5,54,Champions
15058,27,16,3410.03,4,5,5,45,Loyal_Customers
14673,5,7,3410.81,5,4,5,54,Champions
13979,75,7,3416.23,3,4,5,34,Loyal_Customers
14215,13,9,3416.33,5,5,5,55,Champions
14217,3,23,3416.89,5,5,5,55,Champions
13031,409,5,3419.27,2,4,5,24,At_Risk
15373,10,17,3421.39,5,5,5,55,Champions
17876,401,3,3424.02,2,3,5,23,At_Risk
16281,74,3,3424.02,3,3,5,33,Need_Attention
12377,317,4,3426.32,2,3,5,23,At_Risk
15916,18,13,3427.17,5,5,5,55,Champions
16045,121,8,3434.93,3,4,5,34,Loyal_Customers
15676,20,3,3435.76,5,3,5,53,Potential_Loyalists
12609,80,9,3435.86,3,5,5,35,Loyal_Customers
17931,136,14,3437.29,3,5,5,35,Loyal_Customers
17725,18,11,3439.08,5,5,5,55,Champions
16208,46,10,3440.45,4,5,5,45,Loyal_Customers
15974,41,7,3442.15,4,4,5,44,Loyal_Customers
13313,24,12,3445.32,4,5,5,45,Loyal_Customers
13536,3,7,3448.29,5,4,5,54,Champions
14837,91,9,3460.32,3,5,5,35,Loyal_Customers
16271,4,10,3463.02,5,5,5,55,Champions
15356,33,13,3464.95,4,5,5,45,Loyal_Customers
14533,26,11,3466.37,4,5,5,45,Loyal_Customers
13849,53,5,3469.3,4,4,5,44,Loyal_Customers
15712,11,12,3472.41,5,5,5,55,Champions
15380,10,11,3479.06,5,5,5,55,Champions
17913,60,14,3479.64,4,5,5,45,Loyal_Customers
12631,59,6,3481.57,4,4,5,44,Loyal_Customers
17597,215,5,3484.09,2,4,5,24,At_Risk
15306,66,9,3484.73,3,5,5,35,Loyal_Customers
13577,27,11,3489.28,4,5,5,45,Loyal_Customers
13929,171,11,3494.1,3,5,5,35,Loyal_Customers
14934,83,5,3503.5,3,4,5,34,Loyal_Customers
18044,6,18,3505.61,5,5,5,55,Champions
14898,25,14,3507.81,4,5,5,45,Loyal_Customers
16347,13,11,3509.41,5,5,5,55,Champions
17768,10,7,3509.51,5,4,5,54,Champions
16360,6,6,3512.53,5,4,5,54,Champions
16336,422,4,3517.69,1,3,5,13,At_Risk
15059,42,19,3523.57,4,5,5,45,Loyal_Customers
17924,13,8,3536.7,5,4,5,54,Champions
16395,62,14,3537.85,3,5,5,35,Loyal_Customers
12645,35,8,3539.3,4,4,5,44,Loyal_Customers
14503,5,6,3543.26,5,4,5,54,Champions
15222,320,11,3550.91,2,5,5,25,Cant_Loose
14737,5,4,3554.17,5,4,5,54,Champions
18219,4,17,3562.89,5,5,5,55,Champions
17311,80,6,3566.56,3,4,5,34,Loyal_Customers
17679,54,7,3577.61,4,4,5,44,Loyal_Customers
14132,4,11,3586.03,5,5,5,55,Champions
15569,105,10,3586.35,3,5,5,35,Loyal_Customers
17422,18,11,3594.76,5,5,5,55,Champions
16325,48,12,3597.5,4,5,5,45,Loyal_Customers
12963,10,12,3601.59,5,5,5,55,Champions
13750,55,11,3602.18,4,5,5,45,Loyal_Customers
18242,74,8,3605.21,3,4,5,34,Loyal_Customers
15791,45,5,3608.34,4,4,5,44,Loyal_Customers
15113,11,3,3609.33,5,3,5,53,Potential_Loyalists
15505,54,5,3610.96,4,4,5,44,Loyal_Customers
16503,108,11,3614.34,3,5,5,35,Loyal_Customers
14653,3,12,3614.54,5,5,5,55,Champions
14882,28,14,3628.15,4,5,5,45,Loyal_Customers
17528,3,8,3628.5,5,5,5,55,Champions
16053,34,6,3634.84,4,4,5,44,Loyal_Customers
16748,19,14,3637.33,5,5,5,55,Champions
14770,234,8,3637.64,2,4,5,24,At_Risk
17063,23,13,3638.53,4,5,5,45,Loyal_Customers
16718,371,5,3647.53,2,4,5,24,At_Risk
13632,26,8,3648.15,4,5,5,45,Loyal_Customers
17848,83,30,3650.9,3,5,5,35,Loyal_Customers
14857,61,7,3651.85,3,4,5,34,Loyal_Customers
17655,12,9,3652.48,5,5,5,55,Champions
16444,48,17,3656.58,4,5,5,45,Loyal_Customers
14640,26,10,3667.06,4,5,5,45,Loyal_Customers
15953,17,18,3669.55,5,5,5,55,Champions
12468,189,5,3670.74,3,4,5,34,Loyal_Customers
12872,328,12,3685.49,2,5,5,25,Cant_Loose
12857,212,6,3688.0,2,4,5,24,At_Risk
16094,13,11,3695.56,5,5,5,55,Champions
14776,53,15,3708.3,4,5,5,45,Loyal_Customers
16983,14,11,3710.22,5,5,5,55,Champions
12737,500,2,3710.5,1,2,5,12,Hibernating
14593,23,12,3712.01,4,5,5,45,Loyal_Customers
14364,110,8,3717.35,3,4,5,34,Loyal_Customers
16240,26,2,3718.8,4,3,5,43,Potential_Loyalists
16772,425,3,3723.55,1,3,5,13,At_Risk
12502,97,5,3723.87,3,4,5,34,Loyal_Customers
15255,68,9,3729.42,3,5,5,35,Loyal_Customers
16539,4,10,3732.01,5,5,5,55,Champions
15351,14,10,3738.29,5,5,5,55,Champions
15370,42,8,3739.01,4,4,5,44,Loyal_Customers
12623,278,7,3747.84,2,4,5,24,At_Risk
14515,19,12,3749.26,5,5,5,55,Champions
13305,6,16,3754.71,5,5,5,55,Champions
14409,73,9,3756.09,3,5,5,35,Loyal_Customers
17553,131,4,3757.6,3,3,5,33,Need_Attention
17096,17,11,3759.18,5,5,5,55,Champions
12530,61,9,3759.26,3,5,5,35,Loyal_Customers
12670,12,7,3760.29,5,4,5,54,Champions
17173,7,8,3766.6,5,5,5,55,Champions
15079,214,11,3767.35,2,5,5,25,Cant_Loose
18168,178,16,3770.27,3,5,5,35,Loyal_Customers
15532,27,10,3771.9,4,5,5,45,Loyal_Customers
15834,72,7,3772.99,3,4,5,34,Loyal_Customers
17293,10,17,3774.23,5,5,5,55,Champions
14649,6,9,3775.31,5,5,5,55,Champions
15494,23,5,3780.05,4,4,5,44,Loyal_Customers
14309,10,11,3780.81,5,5,5,55,Champions
12619,18,10,3781.38,5,5,5,55,Champions
16950,58,10,3784.37,4,5,5,45,Loyal_Customers
15827,75,28,3794.07,3,5,5,35,Loyal_Customers
14540,11,11,3795.34,5,5,5,55,Champions
16128,19,11,3801.05,5,5,5,55,Champions
17071,30,13,3801.2,4,5,5,45,Loyal_Customers
16636,440,4,3802.04,1,3,5,13,At_Risk
15421,60,10,3805.34,4,5,5,45,Loyal_Customers
12597,21,4,3811.22,5,4,5,54,Champions
15704,142,6,3817.96,3,4,5,34,Loyal_Customers
13481,47,11,3830.84,4,5,5,45,Loyal_Customers
17659,19,14,3834.79,5,5,5,55,Champions
13357,259,5,3838.36,2,4,5,24,At_Risk
16466,35,15,3838.59,4,5,5,45,Loyal_Customers
16341,26,7,3850.79,4,4,5,44,Loyal_Customers
13213,58,11,3851.52,4,5,5,45,Loyal_Customers
16057,18,10,3854.85,5,5,5,55,Champions
16440,9,6,3856.97,5,4,5,54,Champions
14532,238,11,3859.18,2,5,5,25,Cant_Loose
14565,97,5,3859.22,3,4,5,34,Loyal_Customers
15195,4,1,3861.0,5,2,5,52,Potential_Loyalists
18073,116,12,3877.52,3,5,5,35,Loyal_Customers
15067,80,5,3877.88,3,4,5,34,Loyal_Customers
14655,10,7,3878.51,5,4,5,54,Champions
13446,432,11,3881.89,1,5,5,15,Cant_Loose
15288,45,10,3883.13,4,5,5,45,Loyal_Customers
14744,18,14,3885.08,5,5,5,55,Champions
12358,3,5,3887.07,5,4,5,54,Champions
15811,24,7,3890.52,4,4,5,44,Loyal_Customers
15823,374,3,3897.17,2,3,5,23,At_Risk
12388,17,8,3901.11,5,5,5,55,Champions
13995,17,14,3902.01,5,5,5,55,Champions
15696,35,13,3906.57,4,5,5,45,Loyal_Customers
12853,136,11,3907.5,3,5,5,35,Loyal_Customers
14498,44,10,3911.27,4,5,5,45,Loyal_Customers
13037,140,12,3914.95,3,5,5,35,Loyal_Customers
15819,51,10,3934.79,4,5,5,45,Loyal_Customers
15051,25,9,3935.16,4,5,5,45,Loyal_Customers
12473,31,5,3938.55,4,4,5,44,Loyal_Customers
14465,248,11,3946.03,2,5,5,25,Cant_Loose
17667,68,9,3950.7,3,5,5,35,Loyal_Customers
15983,24,8,3958.82,4,4,5,44,Loyal_Customers
14817,202,7,3959.86,2,4,5,24,At_Risk
15858,17,13,3960.37,5,5,5,55,Champions
17954,7,19,3966.05,5,5,5,55,Champions
16771,35,10,3967.6,4,5,5,45,Loyal_Customers
16719,16,14,3973.3,5,5,5,55,Champions
13126,6,13,3998.25,5,5,5,55,Champions
17307,397,11,3999.89,2,5,5,25,Cant_Loose
16841,38,12,4006.06,4,5,5,45,Loyal_Customers
13542,378,17,4006.17,2,5,5,25,Cant_Loose
14547,5,8,4007.54,5,4,5,54,Champions
13895,30,6,4008.52,4,4,5,44,Loyal_Customers
17019,13,11,4012.2,5,5,5,55,Champions
12721,33,8,4013.08,4,4,5,44,Loyal_Customers
15782,11,4,4014.1,5,4,5,54,Champions
12726,30,11,4014.6,4,5,5,45,Loyal_Customers
15665,170,5,4015.12,3,4,5,34,Loyal_Customers
14824,12,10,4022.91,5,5,5,55,Champions
16791,31,15,4038.69,4,5,5,45,Loyal_Customers
12840,145,7,4041.97,3,4,5,34,Loyal_Customers
17211,28,13,4046.65,4,5,5,45,Loyal_Customers
17083,111,9,4049.79,3,5,5,35,Loyal_Customers
15571,13,14,4051.63,5,5,5,55,Champions
14025,466,8,4057.9,1,4,5,14,At_Risk
12371,46,5,4067.38,4,4,5,44,Loyal_Customers
15572,6,10,4068.67,5,5,5,55,Champions
14913,37,8,4073.13,4,4,5,44,Loyal_Customers
17618,7,11,4073.24,5,5,5,55,Champions
15024,11,16,4075.51,5,5,5,55,Champions
12876,59,4,4081.79,4,3,5,43,Potential_Loyalists
13048,16,9,4084.21,5,5,5,55,Champions
14566,112,4,4092.0,3,3,5,33,Need_Attention
13421,42,8,4103.12,4,4,5,44,Loyal_Customers
14878,14,25,4105.24,5,5,5,55,Champions
14408,12,11,4109.77,5,5,5,55,Champions
17287,28,21,4111.96,4,5,5,45,Loyal_Customers
16928,82,29,4113.23,3,5,5,35,Loyal_Customers
13450,28,13,4120.04,4,5,5,45,Loyal_Customers
12569,4,32,4124.69,5,5,5,55,Champions
16209,90,9,4146.78,3,5,5,35,Loyal_Customers
17646,221,12,4149.79,2,5,5,25,Cant_Loose
13461,40,6,4160.0,4,4,5,44,Loyal_Customers
12653,150,3,4160.83,3,3,5,33,Need_Attention
14740,199,11,4161.06,2,5,5,25,Cant_Loose
18194,84,6,4162.04,3,4,5,34,Loyal_Customers
17526,6,12,4166.04,5,5,5,55,Champions
18287,44,7,4182.99,4,4,5,44,Loyal_Customers
17738,21,13,4183.56,4,5,5,45,Loyal_Customers
14868,5,12,4184.01,5,5,5,55,Champions
17218,6,18,4192.68,5,5,5,55,Champions
15050,27,5,4193.79,4,4,5,44,Loyal_Customers
15804,2,13,4206.39,5,5,5,55,Champions
15752,41,9,4207.54,4,5,5,45,Loyal_Customers
15518,66,15,4218.94,3,5,5,35,Loyal_Customers
17673,3,13,4233.58,5,5,5,55,Champions
16875,69,11,4234.53,3,5,5,35,Loyal_Customers
13911,59,20,4234.99,4,5,5,45,Loyal_Customers
17728,5,5,4238.76,5,4,5,54,Champions
18079,47,5,4242.75,4,4,5,44,Loyal_Customers
12935,4,15,4243.86,5,5,5,55,Champions
16571,28,10,4248.74,4,5,5,45,Loyal_Customers
12360,54,8,4252.89,4,4,5,44,Loyal_Customers
16743,31,14,4253.26,4,5,5,45,Loyal_Customers
14047,10,14,4255.03,5,5,5,55,Champions
14239,45,21,4263.17,4,5,5,45,Loyal_Customers
16712,11,13,4266.99,5,5,5,55,Champions
17930,37,13,4275.22,4,5,5,45,Loyal_Customers
18230,11,9,4291.06,5,5,5,55,Champions
17937,10,7,4301.22,5,4,5,54,Champions
12928,37,12,4304.89,4,5,5,45,Loyal_Customers
12967,360,3,4306.92,2,3,5,23,At_Risk
15493,34,9,4314.98,4,5,5,45,Loyal_Customers
18259,26,7,4318.2,4,4,5,44,Loyal_Customers
14334,18,12,4318.48,5,5,5,55,Champions
16477,65,11,4320.02,3,5,5,35,Loyal_Customers
12370,53,7,4320.31,4,4,5,44,Loyal_Customers
14854,80,11,4322.86,3,5,5,35,Loyal_Customers
16072,290,4,4328.89,2,3,5,23,At_Risk
16241,11,16,4329.31,5,5,5,55,Champions
18077,10,18,4338.56,5,5,5,55,Champions
12408,34,8,4340.77,4,5,5,45,Loyal_Customers
15633,511,13,4352.46,1,5,5,15,Cant_Loose
14482,20,12,4357.91,5,5,5,55,Champions
12917,130,6,4359.2,3,4,5,34,Loyal_Customers
12752,83,1,4366.78,3,2,5,32,About_to_Sleep
13297,9,7,4368.62,5,4,5,54,Champions
12523,21,23,4372.15,4,5,5,45,Loyal_Customers
16118,654,1,4376.25,1,1,5,11,Hibernating
17372,42,28,4377.56,4,5,5,45,Loyal_Customers
15708,42,9,4378.72,4,5,5,45,Loyal_Customers
16455,65,11,4384.37,3,5,5,35,Loyal_Customers
18272,4,9,4385.98,5,5,5,55,Champions
16749,593,2,4387.08,1,2,5,12,Hibernating
16732,33,4,4387.64,4,4,5,44,Loyal_Customers
13880,23,17,4391.66,4,5,5,45,Loyal_Customers
13505,74,4,4393.63,3,4,5,34,Loyal_Customers
16150,44,10,4395.59,4,5,5,45,Loyal_Customers
15203,27,15,4400.18,4,5,5,45,Loyal_Customers
15861,14,12,4401.79,5,5,5,55,Champions
14211,55,18,4402.29,4,5,5,45,Loyal_Customers
16283,7,8,4403.82,5,5,5,55,Champions
16626,2,17,4413.1,5,5,5,55,Champions
17138,277,7,4417.27,2,4,5,24,At_Risk
17412,4,16,4417.52,5,5,5,55,Champions
16563,55,6,4422.76,4,4,5,44,Loyal_Customers
15845,19,11,4426.28,5,5,5,55,Champions
12349,20,4,4428.69,5,4,5,54,Champions
17722,98,5,4430.36,3,4,5,34,Loyal_Customers
16218,31,13,4439.97,4,5,5,45,Loyal_Customers
13982,41,9,4445.59,4,5,5,45,Loyal_Customers
16098,89,14,4448.1,3,5,5,35,Loyal_Customers
18093,95,8,4452.71,3,4,5,34,Loyal_Customers
17682,12,11,4456.78,5,5,5,55,Champions
15240,46,12,4459.98,4,5,5,45,Loyal_Customers
16081,58,8,4460.18,4,4,5,44,Loyal_Customers
14341,47,18,4467.32,4,5,5,45,Loyal_Customers
13435,7,9,4475.23,5,5,5,55,Champions
12627,12,7,4478.53,5,4,5,54,Champions
16912,30,15,4480.31,4,5,5,45,Loyal_Customers
17220,26,21,4481.75,4,5,5,45,Loyal_Customers
18064,135,11,4495.03,3,5,5,35,Loyal_Customers
15122,116,11,4497.47,3,5,5,35,Loyal_Customers
14625,198,11,4497.88,2,5,5,25,Cant_Loose
15764,90,8,4503.08,3,4,5,34,Loyal_Customers
15680,11,10,4507.58,5,5,5,55,Champions
17308,395,2,4511.76,2,2,5,22,Hibernating
14290,13,8,4516.56,5,4,5,54,Champions
14001,47,9,4530.09,4,5,5,45,Loyal_Customers
12598,11,11,4534.09,5,5,5,55,Champions
18069,28,11,4540.56,4,5,5,45,Loyal_Customers
13571,14,26,4546.54,5,5,5,55,Champions
14648,418,15,4546.86,1,5,5,15,Cant_Loose
15365,27,13,4557.13,4,5,5,45,Loyal_Customers
13510,3,11,4558.29,5,5,5,55,Champions
17613,24,14,4559.15,4,5,5,45,Loyal_Customers
14701,12,15,4562.09,5,5,5,55,Champions
13491,53,27,4566.56,4,5,5,45,Loyal_Customers
15416,66,7,4572.82,3,4,5,34,Loyal_Customers
17754,2,13,4577.53,5,5,5,55,Champions
17508,282,8,4579.23,2,4,5,24,At_Risk
16125,369,14,4587.65,2,5,5,25,Cant_Loose
17188,13,13,4592.93,5,5,5,55,Champions
14514,63,9,4598.98,3,5,5,35,Loyal_Customers
18257,41,12,4600.15,4,5,5,45,Loyal_Customers
13851,97,8,4606.46,3,4,5,34,Loyal_Customers
12553,10,12,4608.75,5,5,5,55,Champions
15245,136,8,4610.84,3,4,5,34,Loyal_Customers
14441,2,11,4611.69,5,5,5,55,Champions
12782,6,11,4618.24,5,5,5,55,Champions
14685,578,8,4619.79,1,4,5,14,At_Risk
17442,38,15,4620.3,4,5,5,45,Loyal_Customers
12578,23,4,4642.45,4,4,5,44,Loyal_Customers
14466,31,13,4646.9,4,5,5,45,Loyal_Customers
12916,140,7,4654.02,3,4,5,34,Loyal_Customers
15484,3,6,4656.0,5,4,5,54,Champions
15123,9,5,4656.17,5,4,5,54,Champions
16293,23,15,4657.95,4,5,5,45,Loyal_Customers
18097,9,11,4663.32,5,5,5,55,Champions
13971,20,14,4667.57,5,5,5,55,Champions
16858,370,10,4668.28,2,5,5,25,Cant_Loose
17400,128,8,4677.05,3,4,5,34,Loyal_Customers
13527,35,12,4683.74,4,5,5,45,Loyal_Customers
15410,86,10,4685.72,3,5,5,35,Loyal_Customers
17050,98,11,4691.79,3,5,5,35,Loyal_Customers
12589,30,8,4695.66,4,5,5,45,Loyal_Customers
13958,381,8,4709.23,2,4,5,24,At_Risk
15271,9,24,4709.54,5,5,5,55,Champions
14235,77,9,4717.99,3,5,5,35,Loyal_Customers
17082,35,6,4732.03,4,4,5,44,Loyal_Customers
17829,300,5,4756.74,2,4,5,24,At_Risk
12955,3,11,4757.16,5,5,5,55,Champions
13988,21,8,4757.8,4,5,5,45,Loyal_Customers
15187,3,16,4777.18,5,5,5,55,Champions
13124,91,4,4782.45,3,3,5,33,Need_Attention
13875,55,14,4814.37,4,5,5,45,Loyal_Customers
15002,117,9,4817.28,3,5,5,35,Loyal_Customers
14191,3,15,4817.66,5,5,5,55,Champions
16326,7,24,4826.99,5,5,5,55,Champions
12449,24,6,4835.89,4,4,5,44,Loyal_Customers
17191,30,15,4836.05,4,5,5,45,Loyal_Customers
13562,83,8,4838.18,3,4,5,34,Loyal_Customers
14032,4,16,4850.27,5,5,5,55,Champions
13044,293,11,4853.9,2,5,5,25,Cant_Loose
17652,27,12,4867.72,4,5,5,45,Loyal_Customers
12688,115,1,4873.81,3,2,5,32,About_to_Sleep
14107,53,11,4877.3,4,5,5,45,Loyal_Customers
15379,171,8,4877.84,3,4,5,34,Loyal_Customers
13021,6,17,4887.24,5,5,5,55,Champions
16986,31,11,4888.75,4,5,5,45,Loyal_Customers
13659,207,12,4894.88,2,5,5,25,Cant_Loose
17314,26,17,4904.43,4,5,5,45,Loyal_Customers
17406,335,13,4905.05,2,5,5,25,Cant_Loose
16255,18,15,4906.8,5,5,5,55,Champions
16143,5,12,4910.83,5,5,5,55,Champions
14970,70,12,4919.35,3,5,5,35,Loyal_Customers
17596,25,13,4920.67,4,5,5,45,Loyal_Customers
14825,5,24,4925.08,5,5,5,55,Champions
12700,9,4,4939.99,5,4,5,54,Champions
17449,4,13,4951.15,5,5,5,55,Champions
12562,10,9,4966.92,5,5,5,55,Champions
13198,12,8,4974.23,5,5,5,55,Champions
14639,54,9,4978.96,4,5,5,45,Loyal_Customers
14209,12,15,4993.27,5,5,5,55,Champions
12444,23,5,5005.46,4,4,5,44,Loyal_Customers
17758,21,12,5012.53,4,5,5,45,Loyal_Customers
12759,54,8,5020.74,4,4,5,44,Loyal_Customers
16905,7,17,5034.15,5,5,5,55,Champions
12600,30,21,5043.92,4,5,5,45,Loyal_Customers
17469,18,17,5051.25,5,5,5,55,Champions
17802,84,10,5053.12,3,5,5,35,Loyal_Customers
18144,9,19,5058.0,5,5,5,55,Champions
12432,44,5,5059.32,4,4,5,44,Loyal_Customers
12395,21,15,5067.27,5,5,5,55,Champions
16686,49,16,5070.92,4,5,5,45,Loyal_Customers
14307,90,10,5071.03,3,5,5,35,Loyal_Customers
13634,35,16,5073.47,4,5,5,45,Loyal_Customers
15367,59,11,5081.33,4,5,5,45,Loyal_Customers
12594,39,15,5090.11,4,5,5,45,Loyal_Customers
17402,6,23,5096.18,5,5,5,55,Champions
13523,35,6,5101.52,4,4,5,44,Loyal_Customers
17519,19,15,5109.47,5,5,5,55,Champions
15529,24,12,5111.95,4,5,5,45,Loyal_Customers
13329,33,8,5112.97,4,5,5,45,Loyal_Customers
16308,39,7,5120.0,4,4,5,44,Loyal_Customers
12483,19,19,5120.58,5,5,5,55,Champions
16919,158,24,5125.91,3,5,5,35,Loyal_Customers
17861,5,18,5127.69,5,5,5,55,Champions
14493,9,10,5130.15,5,5,5,55,Champions
16904,6,21,5132.37,5,5,5,55,Champions
16153,51,11,5133.49,4,5,5,45,Loyal_Customers
17157,9,19,5151.9,5,5,5,55,Champions
12625,213,4,5164.88,2,3,5,23,At_Risk
15796,3,17,5175.83,5,5,5,55,Champions
17663,27,17,5175.83,4,5,5,45,Loyal_Customers
15443,3,14,5175.93,5,5,5,55,Champions
12510,144,9,5178.02,3,5,5,35,Loyal_Customers
17213,42,13,5182.3,4,5,5,45,Loyal_Customers
14546,7,11,5197.9,5,5,5,55,Champions
15812,109,12,5201.47,3,5,5,35,Loyal_Customers
17084,37,3,5202.97,4,3,5,43,Potential_Loyalists
13763,65,3,5217.44,3,3,5,33,Need_Attention
15606,63,17,5230.99,3,5,5,35,Loyal_Customers
12422,97,17,5231.8,3,5,5,35,Loyal_Customers
17061,75,11,5232.23,3,5,5,35,Loyal_Customers
16931,7,23,5233.62,5,5,5,55,Champions
14930,110,6,5246.63,3,4,5,34,Loyal_Customers
13107,46,9,5253.07,4,5,5,45,Loyal_Customers
13931,97,11,5257.38,3,5,5,35,Loyal_Customers
15722,37,11,5258.1,4,5,5,45,Loyal_Customers
15152,11,14,5263.83,5,5,5,55,Champions
15394,11,11,5286.8,5,5,5,55,Champions
17584,9,6,5309.42,5,4,5,54,Champions
12708,31,18,5314.1,4,5,5,45,Loyal_Customers
17346,5,26,5323.0,5,5,5,55,Champions
15641,107,12,5345.55,3,5,5,35,Loyal_Customers
17567,9,9,5356.03,5,5,5,55,Champions
12362,5,11,5356.23,5,5,5,55,Champions
13975,33,12,5358.84,4,5,5,45,Loyal_Customers
14442,206,7,5367.02,2,4,5,24,At_Risk
14081,304,10,5370.1,2,5,5,25,Cant_Loose
13495,9,10,5374.26,5,5,5,55,Champions
14459,157,2,5375.74,3,2,5,32,About_to_Sleep
13014,12,11,5381.08,5,5,5,55,Champions
16008,25,15,5384.13,4,5,5,45,Loyal_Customers
13362,11,7,5394.07,5,4,5,54,Champions
17612,55,18,5394.86,4,5,5,45,Loyal_Customers
17719,39,15,5396.04,4,5,5,45,Loyal_Customers
14626,25,11,5410.92,4,5,5,45,Loyal_Customers
12378,131,2,5416.32,3,2,5,32,About_to_Sleep
14713,11,21,5418.87,5,5,5,55,Champions
18198,6,17,5425.56,5,5,5,55,Champions
12480,30,7,5464.85,4,4,5,44,Loyal_Customers
17512,30,18,5467.82,4,5,5,45,Loyal_Customers
16992,12,13,5476.5,5,5,5,55,Champions
16609,17,7,5493.46,5,4,5,54,Champions
13115,13,10,5494.7,5,5,5,55,Champions
17204,177,9,5504.69,3,5,5,35,Loyal_Customers
14732,10,19,5517.07,5,5,5,55,Champions
13593,110,14,5523.69,3,5,5,35,Loyal_Customers
16393,4,23,5561.66,5,5,5,55,Champions
15527,20,23,5575.64,5,5,5,55,Champions
17203,37,10,5575.88,4,5,5,45,Loyal_Customers
15228,68,6,5580.27,3,4,5,34,Loyal_Customers
15854,6,21,5583.81,5,5,5,55,Champions
17092,52,11,5594.96,4,5,5,45,Loyal_Customers
15898,3,25,5596.31,5,5,5,55,Champions
17059,31,9,5602.53,4,5,5,45,Loyal_Customers
16546,292,5,5606.47,2,4,5,24,At_Risk
16003,31,10,5613.83,4,5,5,45,Loyal_Customers
14572,5,11,5615.18,5,5,5,55,Champions
18145,14,11,5617.79,5,5,5,55,Champions
14249,412,12,5625.46,1,5,5,15,Cant_Loose
16320,174,6,5628.99,3,4,5,34,Loyal_Customers
13842,60,18,5629.91,3,5,5,35,Loyal_Customers
12347,4,8,5633.32,5,4,5,54,Champions
13722,133,10,5635.41,3,5,5,35,Loyal_Customers
16200,6,12,5643.45,5,5,5,55,Champions
15628,6,17,5652.26,5,5,5,55,Champions
13901,74,15,5676.34,3,5,5,35,Loyal_Customers
12633,60,7,5678.16,3,4,5,34,Loyal_Customers
12727,12,10,5679.53,5,5,5,55,Champions
13157,51,9,5687.36,4,5,5,45,Loyal_Customers
17651,13,16,5703.52,5,5,5,55,Champions
16279,23,9,5705.08,4,5,5,45,Loyal_Customers
16607,19,25,5706.87,5,5,5,55,Champions
16409,38,12,5709.04,4,5,5,45,Loyal_Customers
13870,4,15,5712.08,5,5,5,55,Champions
16458,4,30,5715.34,5,5,5,55,Champions
13771,66,9,5728.82,3,5,5,35,Loyal_Customers
12615,4,8,5740.98,5,4,5,54,Champions
16316,66,13,5744.91,3,5,5,35,Loyal_Customers
17863,61,12,5745.2,3,5,5,35,Loyal_Customers
14099,18,20,5765.71,5,5,5,55,Champions
15485,32,7,5771.51,4,4,5,44,Loyal_Customers
17672,52,7,5778.63,4,4,5,44,Loyal_Customers
18075,25,20,5783.29,4,5,5,45,Loyal_Customers
17069,30,14,5794.28,4,5,5,45,Loyal_Customers
12910,25,13,5796.52,4,5,5,45,Loyal_Customers
13769,4,20,5800.42,5,5,5,55,Champions
14189,4,16,5814.39,5,5,5,55,Champions
14112,24,13,5834.59,4,5,5,45,Loyal_Customers
17146,107,13,5860.24,3,5,5,35,Loyal_Customers
14210,107,16,5861.52,3,5,5,35,Loyal_Customers
18065,7,29,5866.63,5,5,5,55,Champions
12455,75,10,5879.95,3,5,5,35,Loyal_Customers
16011,10,29,5880.46,5,5,5,55,Champions
15971,19,18,5902.83,5,5,5,55,Champions
17685,18,12,5943.17,5,5,5,55,Champions
14257,66,9,5954.45,3,5,5,35,Loyal_Customers
12500,25,19,5955.21,4,5,5,45,Loyal_Customers
14918,117,9,5955.81,3,5,5,35,Loyal_Customers
15785,34,16,5969.93,4,5,5,45,Loyal_Customers
17491,3,17,5981.07,5,5,5,55,Champions
17457,128,14,5984.81,3,5,5,35,Loyal_Customers
14105,241,5,5988.83,2,4,5,24,At_Risk
15755,12,17,5993.12,5,5,5,55,Champions
15202,422,3,6001.49,1,3,5,13,At_Risk
15372,139,8,6017.06,3,4,5,34,Loyal_Customers
13658,11,9,6025.5,5,5,5,55,Champions
17644,3,20,6028.6,5,5,5,55,Champions
14535,62,9,6030.73,3,5,5,35,Loyal_Customers
12835,429,41,6043.31,1,5,5,15,Cant_Loose
17625,20,8,6067.8,5,5,5,55,Champions
12664,10,11,6070.04,5,5,5,55,Champions
16954,2,20,6081.88,5,5,5,55,Champions
18178,130,11,6103.74,3,5,5,35,Loyal_Customers
14560,9,44,6114.03,5,5,5,55,Champions
17509,59,8,6115.14,4,4,5,44,Loyal_Customers
13935,598,3,6116.92,1,3,5,13,At_Risk
13266,13,19,6135.04,5,5,5,55,Champions
17669,44,10,6142.35,4,5,5,45,Loyal_Customers
14852,60,18,6147.18,4,5,5,45,Loyal_Customers
14907,5,16,6165.79,5,5,5,55,Champions
16103,9,22,6191.71,5,5,5,55,Champions
14530,27,16,6197.4,4,5,5,45,Loyal_Customers
16156,10,20,6218.18,5,5,5,55,Champions
12497,83,3,6248.5,3,3,5,33,Need_Attention
15369,494,11,6251.26,1,5,5,15,Cant_Loose
14004,45,11,6258.45,4,5,5,45,Loyal_Customers
13334,84,5,6263.75,3,4,5,34,Loyal_Customers
16735,80,14,6270.56,3,5,5,35,Loyal_Customers
14534,4,26,6271.11,5,5,5,55,Champions
13615,320,8,6272.53,2,4,5,24,At_Risk
13136,58,13,6274.56,4,5,5,45,Loyal_Customers
15480,118,5,6279.0,3,4,5,34,Loyal_Customers
13654,45,11,6308.0,4,5,5,45,Loyal_Customers
14180,12,33,6319.25,5,5,5,55,Champions
18245,9,20,6324.98,5,5,5,55,Champions
17799,24,20,6341.89,4,5,5,45,Loyal_Customers
16710,21,22,6349.09,5,5,5,55,Champions
13590,13,18,6349.59,5,5,5,55,Champions
13230,6,30,6360.78,5,5,5,55,Champions
14227,28,15,6368.71,4,5,5,45,Loyal_Customers
12484,34,12,6370.15,4,5,5,45,Loyal_Customers
12356,24,6,6373.68,4,4,5,44,Loyal_Customers
12406,24,5,6390.36,4,4,5,44,Loyal_Customers
18094,83,13,6391.52,3,5,5,35,Loyal_Customers
14390,12,13,6399.83,5,5,5,55,Champions
12656,19,8,6407.83,5,5,5,55,Champions
15673,90,9,6414.79,3,5,5,35,Loyal_Customers
16940,54,8,6427.66,4,4,5,44,Loyal_Customers
14154,241,8,6460.7,2,4,5,24,At_Risk
13317,68,19,6486.09,3,5,5,35,Loyal_Customers
18061,23,28,6488.97,4,5,5,45,Loyal_Customers
17419,13,18,6500.52,5,5,5,55,Champions
12823,76,18,6501.5,3,5,5,35,Loyal_Customers
17873,82,18,6515.88,3,5,5,35,Loyal_Customers
14221,44,17,6517.49,4,5,5,45,Loyal_Customers
14855,121,7,6520.3,3,4,5,34,Loyal_Customers
16655,19,13,6548.37,5,5,5,55,Champions
15332,368,6,6553.74,2,4,5,24,At_Risk
14766,10,11,6556.13,5,5,5,55,Champions
13883,12,15,6560.02,5,5,5,55,Champions
12836,61,15,6585.62,3,5,5,35,Loyal_Customers
13015,55,11,6586.42,4,5,5,45,Loyal_Customers
12843,67,30,6588.41,3,5,5,35,Loyal_Customers
15980,90,7,6593.68,3,4,5,34,Loyal_Customers
15514,14,18,6598.55,5,5,5,55,Champions
17819,73,12,6612.52,3,5,5,35,Loyal_Customers
12626,25,9,6620.48,4,5,5,45,Loyal_Customers
13394,3,19,6621.7,5,5,5,55,Champions
14440,10,13,6638.73,5,5,5,55,Champions
13953,9,12,6640.68,5,5,5,55,Champions
17001,2,19,6640.8,5,5,5,55,Champions
17700,18,14,6679.97,5,5,5,55,Champions
13384,32,11,6680.83,4,5,5,45,Loyal_Customers
16497,51,23,6695.28,4,5,5,45,Loyal_Customers
12913,6,13,6700.86,5,5,5,55,Champions
14388,12,16,6701.0,5,5,5,55,Champions
13734,510,4,6701.64,1,3,5,13,At_Risk
14844,65,10,6702.43,3,5,5,35,Loyal_Customers
15321,72,12,6709.73,3,5,5,35,Loyal_Customers
14461,150,13,6713.5,3,5,5,35,Loyal_Customers
12779,39,14,6722.27,4,5,5,45,Loyal_Customers
17838,28,13,6722.9,4,5,5,45,Loyal_Customers
14562,5,26,6729.4,5,5,5,55,Champions
18118,12,29,6733.22,5,5,5,55,Champions
14702,3,29,6754.22,5,5,5,55,Champions
13993,44,19,6775.71,4,5,5,45,Loyal_Customers
14401,6,22,6795.9,5,5,5,55,Champions
15750,4,18,6797.19,5,5,5,55,Champions
15413,693,5,6798.72,1,4,5,14,At_Risk
16145,10,19,6805.44,5,5,5,55,Champions
12830,39,6,6814.64,4,4,5,44,Loyal_Customers
12417,5,20,6816.91,5,5,5,55,Champions
12613,59,10,6835.07,4,5,5,45,Loyal_Customers
16401,3,23,6849.15,5,5,5,55,Champions
15129,52,23,6860.18,4,5,5,45,Loyal_Customers
16456,101,13,6862.91,3,5,5,35,Loyal_Customers
16170,52,20,6869.0,4,5,5,45,Loyal_Customers
18231,194,28,6880.97,2,5,5,25,Cant_Loose
12749,5,9,6897.36,5,5,5,55,Champions
13520,60,11,6909.4,4,5,5,45,Loyal_Customers
16187,33,15,6911.44,4,5,5,45,Loyal_Customers
16265,11,12,6935.17,5,5,5,55,Champions
15674,75,13,6948.23,3,5,5,35,Loyal_Customers
13552,68,22,6978.92,3,5,5,35,Loyal_Customers
16717,25,14,6986.23,4,5,5,45,Loyal_Customers
12662,2,20,6988.02,5,5,5,55,Champions
13831,18,18,7023.58,5,5,5,55,Champions
17975,17,24,7028.83,5,5,5,55,Champions
13183,9,15,7036.18,5,5,5,55,Champions
16938,10,9,7043.18,5,5,5,55,Champions
14113,5,16,7092.61,5,5,5,55,Champions
17769,14,17,7103.08,5,5,5,55,Champions
15521,42,16,7106.69,4,5,5,45,Loyal_Customers
13983,31,21,7108.45,4,5,5,45,Loyal_Customers
14841,55,14,7163.0,4,5,5,45,Loyal_Customers
15950,33,10,7180.71,4,5,5,45,Loyal_Customers
13451,28,11,7190.92,4,5,5,45,Loyal_Customers
12712,30,21,7193.66,4,5,5,45,Loyal_Customers
16745,88,17,7194.3,3,5,5,35,Loyal_Customers
17231,14,25,7197.04,5,5,5,55,Champions
14092,9,24,7229.45,5,5,5,55,Champions
16729,40,21,7239.92,4,5,5,45,Loyal_Customers
17965,39,29,7240.98,4,5,5,45,Loyal_Customers
16253,68,7,7310.15,3,4,5,34,Loyal_Customers
13082,128,21,7335.75,3,5,5,35,Loyal_Customers
14243,10,17,7431.05,5,5,5,55,Champions
16570,17,20,7434.31,5,5,5,55,Champions
17690,32,20,7448.1,4,5,5,45,Loyal_Customers
17602,4,14,7451.13,5,5,5,55,Champions
16242,10,14,7474.4,5,5,5,55,Champions
13815,24,8,7475.74,4,4,5,44,Loyal_Customers
12429,11,8,7485.91,5,4,5,54,Champions
15179,20,13,7491.92,5,5,5,55,Champions
12841,6,40,7540.68,5,5,5,55,Champions
13373,62,6,7587.19,3,4,5,34,Loyal_Customers
13709,5,18,7591.75,5,5,5,55,Champions
14145,48,7,7600.05,4,4,5,44,Loyal_Customers
15301,52,17,7603.44,4,5,5,45,Loyal_Customers
13141,86,17,7668.58,3,5,5,35,Loyal_Customers
14175,61,8,7678.88,3,4,5,34,Loyal_Customers
17696,40,27,7679.59,4,5,5,45,Loyal_Customers
13137,12,16,7712.7,5,5,5,55,Champions
14688,9,28,7713.57,5,5,5,55,Champions
13534,4,35,7720.9,5,5,5,55,Champions
17739,13,18,7730.59,5,5,5,55,Champions
17730,5,20,7773.8,5,5,5,55,Champions
14800,49,17,7774.32,4,5,5,45,Loyal_Customers
17238,4,32,7783.1,5,5,5,55,Champions
17409,186,10,7793.51,3,5,5,35,Loyal_Customers
15581,122,38,7794.59,3,5,5,35,Loyal_Customers
16592,6,28,7807.91,5,5,5,55,Champions
17091,4,19,7811.1,5,5,5,55,Champions
15046,11,25,7812.39,5,5,5,55,Champions
14282,5,25,7849.66,5,5,5,55,Champions
15622,45,17,7852.61,4,5,5,45,Loyal_Customers
12757,17,13,7857.1,5,5,5,55,Champions
13871,24,17,7885.85,4,5,5,45,Loyal_Customers
17085,125,28,7891.41,3,5,5,35,Loyal_Customers
14291,3,23,7904.1,5,5,5,55,Champions
12867,28,13,7913.29,4,5,5,45,Loyal_Customers
16303,27,7,7928.27,4,4,5,44,Loyal_Customers
14159,21,20,7938.01,4,5,5,45,Loyal_Customers
12428,27,9,7956.46,4,5,5,45,Loyal_Customers
15299,69,10,7991.54,3,5,5,35,Loyal_Customers
16556,68,17,8012.58,3,5,5,35,Loyal_Customers
16670,18,20,8030.15,5,5,5,55,Champions
16767,32,15,8073.8,4,5,5,45,Loyal_Customers
17426,10,13,8077.77,5,5,5,55,Champions
17593,5,11,8095.8,5,5,5,55,Champions
13869,125,10,8111.57,3,5,5,35,Loyal_Customers
16672,4,20,8134.94,5,5,5,55,Champions
15544,11,20,8162.43,5,5,5,55,Champions
13426,2,22,8167.38,5,5,5,55,Champions
13139,18,8,8202.98,5,4,5,54,Champions
14395,4,20,8208.01,5,5,5,55,Champions
14056,3,23,8214.65,5,5,5,55,Champions
13381,33,12,8224.37,4,5,5,45,Loyal_Customers
17365,14,15,8224.98,5,5,5,55,Champions
14525,21,17,8240.64,5,5,5,55,Champions
12720,4,30,8260.67,5,5,5,55,Champions
14030,20,20,8262.29,5,5,5,55,Champions
17686,9,9,8296.81,5,5,5,55,Champions
15998,38,16,8308.34,4,5,5,45,Loyal_Customers
15034,17,14,8313.4,5,5,5,55,Champions
12637,69,12,8340.31,3,5,5,35,Loyal_Customers
12643,130,12,8350.42,3,5,5,35,Loyal_Customers
14676,33,12,8356.79,4,5,5,45,Loyal_Customers
17611,9,28,8371.98,5,5,5,55,Champions
13206,402,13,8377.32,2,5,5,25,Cant_Loose
14057,25,22,8408.84,4,5,5,45,Loyal_Customers
14160,612,7,8421.47,1,4,5,14,At_Risk
18139,19,6,8438.34,5,4,5,54,Champions
14286,25,7,8479.76,4,4,5,44,Loyal_Customers
13715,283,17,8483.29,2,5,5,25,Cant_Loose
13209,32,13,8509.51,4,5,5,45,Loyal_Customers
12798,12,4,8510.93,5,4,5,54,Champions
15786,48,5,8514.82,4,4,5,44,Loyal_Customers
15270,17,21,8524.86,5,5,5,55,Champions
15281,60,16,8543.57,4,5,5,45,Loyal_Customers
16945,23,33,8548.16,4,5,5,45,Loyal_Customers
13148,31,26,8621.81,4,5,5,45,Loyal_Customers
15497,19,9,8657.39,5,5,5,55,Champions
15955,26,22,8658.36,4,5,5,45,Loyal_Customers
13263,3,39,8704.69,5,5,5,55,Champions
12957,11,13,8706.97,5,5,5,55,Champions
18041,13,38,8752.38,5,5,5,55,Champions
16532,19,5,8756.64,5,4,5,54,Champions
15984,4,30,8759.32,5,5,5,55,Champions
13047,33,24,8795.16,4,5,5,45,Loyal_Customers
17396,41,14,8807.1,4,5,5,45,Loyal_Customers
14709,17,25,8886.33,5,5,5,55,Champions
13269,3,28,8891.7,5,5,5,55,Champions
12359,59,10,8935.94,4,5,5,45,Loyal_Customers
15903,11,12,8939.84,5,5,5,55,Champions
16722,19,22,8989.08,5,5,5,55,Champions
13555,75,13,8999.19,3,5,5,35,Loyal_Customers
15150,19,13,9001.08,5,5,5,55,Champions
16186,24,26,9026.11,4,5,5,45,Loyal_Customers
12755,282,11,9030.66,2,5,5,25,Cant_Loose
17576,10,41,9056.81,5,5,5,55,Champions
15939,91,16,9060.39,3,5,5,35,Loyal_Customers
15867,7,31,9063.95,5,5,5,55,Champions
16709,86,14,9087.46,3,5,5,35,Loyal_Customers
17068,14,47,9161.08,5,5,5,55,Champions
16700,10,25,9167.71,5,5,5,55,Champions
15260,102,25,9188.23,3,5,5,35,Loyal_Customers
13756,4,23,9207.5,5,5,5,55,Champions
14292,9,16,9226.25,5,5,5,55,Champions
13448,18,13,9240.87,5,5,5,55,Champions
14367,10,16,9261.52,5,5,5,55,Champions
15249,33,18,9266.0,4,5,5,45,Loyal_Customers
13162,124,16,9275.49,3,5,5,35,Loyal_Customers
12747,4,26,9276.54,5,5,5,55,Champions
15570,9,25,9311.04,5,5,5,55,Champions
15981,26,21,9362.77,4,5,5,45,Loyal_Customers
13758,13,15,9416.98,5,5,5,55,Champions
17757,3,56,9422.45,5,5,5,55,Champions
16550,110,18,9435.13,3,5,5,35,Loyal_Customers
14439,321,5,9443.04,2,4,5,24,At_Risk
15727,18,15,9445.51,5,5,5,55,Champions
14146,10,12,9450.3,5,5,5,55,Champions
15298,4,23,9459.37,5,5,5,55,Champions
13174,18,12,9494.84,5,5,5,55,Champions
13999,12,29,9502.26,5,5,5,55,Champions
14060,6,30,9519.08,5,5,5,55,Champions
14091,656,2,9530.08,1,2,5,12,Hibernating
17504,208,18,9565.12,2,5,5,25,Cant_Loose
17811,6,47,9609.8,5,5,5,55,Champions
14135,3,24,9643.92,5,5,5,55,Champions
17315,3,43,9650.6,5,5,5,55,Champions
12380,23,11,9676.3,4,5,5,45,Loyal_Customers
13069,2,38,9683.13,5,5,5,55,Champions
13267,4,36,9758.26,5,5,5,55,Champions
13018,18,35,9763.16,5,5,5,55,Champions
17306,12,21,9782.35,5,5,5,55,Champions
14944,31,19,9784.67,4,5,5,45,Loyal_Customers
13735,26,13,9813.22,4,5,5,45,Loyal_Customers
12490,7,21,9823.64,5,5,5,55,Champions
14828,198,13,9839.46,2,5,5,25,Cant_Loose
12590,213,2,9864.26,2,2,5,22,Hibernating
13327,40,20,9879.48,4,5,5,45,Loyal_Customers
18109,3,38,9893.96,5,5,5,55,Champions
12758,118,7,9903.24,3,4,5,34,Loyal_Customers
16701,10,26,9916.73,5,5,5,55,Champions
17230,266,18,9924.95,2,5,5,25,Cant_Loose
14329,19,15,9927.22,5,5,5,55,Champions
17049,4,19,9947.48,5,5,5,55,Champions
16131,53,12,9957.42,4,5,5,45,Loyal_Customers
14101,75,13,9961.93,3,5,5,35,Loyal_Customers
18260,174,23,9962.11,3,5,5,35,Loyal_Customers
16182,74,9,9971.65,3,5,5,35,Loyal_Customers
14755,11,25,9972.55,5,5,5,55,Champions
16353,5,38,9999.46,5,5,5,55,Champions
13985,6,22,10020.86,5,5,5,55,Champions
12766,5,9,10068.28,5,5,5,55,Champions
12839,4,26,10071.73,5,5,5,55,Champions
14085,4,33,10104.97,5,5,5,55,Champions
15547,9,26,10154.39,5,5,5,55,Champions
13599,3,33,10167.63,5,5,5,55,Champions
15805,25,30,10189.23,4,5,5,45,Loyal_Customers
17160,33,17,10209.16,4,5,5,45,Loyal_Customers
15719,34,31,10223.06,4,5,5,45,Loyal_Customers
14422,2,19,10271.52,5,5,5,55,Champions
15296,52,12,10342.83,4,5,5,45,Loyal_Customers
14028,552,3,10396.5,1,3,5,13,At_Risk
16782,12,38,10438.41,5,5,5,55,Champions
15290,6,26,10496.28,5,5,5,55,Champions
13324,38,18,10513.47,4,5,5,45,Loyal_Customers
16168,12,66,10636.47,5,5,5,55,Champions
16327,16,16,10731.34,5,5,5,55,Champions
16984,90,9,10754.8,3,5,5,35,Loyal_Customers
18229,13,28,10803.71,5,5,5,55,Champions
15694,2,24,10810.81,5,5,5,55,Champions
16033,7,27,10836.13,5,5,5,55,Champions
12431,37,27,10857.97,4,5,5,45,Loyal_Customers
18052,566,1,10877.18,1,1,5,11,Hibernating
14796,3,27,10889.64,5,5,5,55,Champions
16985,19,23,10923.16,5,5,5,55,Champions
12918,628,1,10953.5,1,1,5,11,Hibernating
13941,23,15,11122.3,4,5,5,45,Loyal_Customers
14134,384,15,11123.35,2,5,5,25,Cant_Loose
12524,11,17,11126.11,5,5,5,55,Champions
18055,9,14,11195.57,5,5,5,55,Champions
12539,24,7,11214.75,4,4,5,44,Loyal_Customers
15874,65,21,11284.76,3,5,5,35,Loyal_Customers
14045,111,16,11313.03,3,5,5,35,Loyal_Customers
17809,18,20,11337.39,5,5,5,55,Champions
14016,163,11,11403.41,3,5,5,35,Loyal_Customers
13680,3,12,11435.67,5,5,5,55,Champions
12668,13,10,11444.68,5,5,5,55,Champions
15218,12,22,11516.57,5,5,5,55,Champions
13576,12,28,11551.74,5,5,5,55,Champions
13004,13,36,11650.85,5,5,5,55,Champions
13102,3,37,11696.92,5,5,5,55,Champions
14426,25,17,11727.94,4,5,5,45,Loyal_Customers
12705,17,14,11762.1,5,5,5,55,Champions
18226,46,26,11878.88,4,5,5,45,Loyal_Customers
13687,440,1,11880.84,1,1,5,11,Hibernating
16523,3,28,11916.33,5,5,5,55,Champions
16258,47,15,11942.52,4,5,5,45,Loyal_Customers
13458,9,16,11959.27,5,5,5,55,Champions
17044,27,12,11962.3,4,5,5,45,Loyal_Customers
14505,19,19,12001.84,5,5,5,55,Champions
17364,2,28,12070.42,5,5,5,55,Champions
14415,3,23,12091.6,5,5,5,55,Champions
15555,14,36,12112.35,5,5,5,55,Champions
17338,19,17,12142.57,5,5,5,55,Champions
15144,10,29,12160.31,5,5,5,55,Champions
15023,5,20,12170.68,5,5,5,55,Champions
13418,13,31,12233.6,5,5,5,55,Champions
14735,5,56,12240.16,5,5,5,55,Champions
13854,10,39,12253.96,5,5,5,55,Champions
14739,6,25,12287.5,5,5,5,55,Champions
13050,16,35,12344.53,5,5,5,55,Champions
12481,24,15,12361.39,4,5,5,45,Loyal_Customers
16000,4,3,12393.7,5,3,5,53,Potential_Loyalists
14936,35,12,12410.81,4,5,5,45,Loyal_Customers
12474,19,31,12424.45,5,5,5,55,Champions
15194,5,28,12427.69,5,5,5,55,Champions
16814,16,36,12499.71,5,5,5,55,Champions
12536,45,3,12601.83,4,3,5,43,Potential_Loyalists
13013,3,29,12625.77,5,5,5,55,Champions
14040,42,35,12645.57,4,5,5,45,Loyal_Customers
15465,21,32,12655.65,5,5,5,55,Champions
12451,12,8,12669.88,5,5,5,55,Champions
12437,3,39,12683.4,5,5,5,55,Champions
12683,6,21,12696.78,5,5,5,55,Champions
17858,7,30,12797.65,5,5,5,55,Champions
13952,219,14,12823.52,2,5,5,25,Cant_Loose
16161,3,43,12831.8,5,5,5,55,Champions
14110,5,33,12987.95,5,5,5,55,Champions
18225,5,26,13054.26,5,5,5,55,Champions
13668,4,35,13089.94,5,5,5,55,Champions
16549,12,34,13182.19,5,5,5,55,Champions
13316,39,10,13191.57,4,5,5,45,Loyal_Customers
14049,18,13,13239.03,5,5,5,55,Champions
13969,9,35,13365.87,5,5,5,55,Champions
13629,25,19,13370.86,4,5,5,45,Loyal_Customers
15738,20,41,13372.97,5,5,5,55,Champions
16923,14,32,13378.36,5,5,5,55,Champions
13097,34,28,13389.22,4,5,5,45,Loyal_Customers
13468,3,72,13390.51,5,5,5,55,Champions
12989,5,33,13551.75,5,5,5,55,Champions
12567,24,15,13709.86,4,5,5,45,Loyal_Customers
15382,16,12,13733.55,5,5,5,55,Champions
15032,258,8,13780.65,2,4,5,24,At_Risk
15291,27,40,13846.56,4,5,5,45,Loyal_Customers
16558,2,38,13873.51,5,5,5,55,Champions
15760,632,2,13916.34,1,2,5,12,Hibernating
12435,81,6,13925.93,3,4,5,34,Loyal_Customers
15502,17,14,13993.47,5,5,5,55,Champions
18223,6,26,14000.85,5,5,5,55,Champions
17589,62,18,14049.87,3,5,5,35,Loyal_Customers
13178,28,21,14059.19,4,5,5,45,Loyal_Customers
12714,11,12,14093.71,5,5,5,55,Champions
13090,10,24,14103.09,5,5,5,55,Champions
15005,17,56,14106.2,5,5,5,55,Champions
17017,4,29,14110.61,5,5,5,55,Champions
12476,17,23,14115.41,5,5,5,55,Champions
15093,20,23,14326.11,5,5,5,55,Champions
12583,4,27,14447.44,5,5,5,55,Champions
14299,10,27,14499.49,5,5,5,55,Champions
17448,499,46,14556.97,1,5,5,15,Cant_Loose
16713,20,32,14560.69,5,5,5,55,Champions
15482,17,19,14592.56,5,5,5,55,Champions
16873,6,12,14617.39,5,5,5,55,Champions
17133,17,12,14622.33,5,5,5,55,Champions
16126,31,15,14646.8,4,5,5,45,Loyal_Customers
18087,100,17,14761.52,3,5,5,35,Loyal_Customers
14543,30,39,14906.77,4,5,5,45,Loyal_Customers
15601,13,30,14960.12,5,5,5,55,Champions
12949,32,22,15526.7,4,5,5,45,Loyal_Customers
13488,19,23,15587.88,5,5,5,55,Champions
15768,117,34,15601.09,3,5,5,35,Loyal_Customers
16191,4,24,15688.02,5,5,5,55,Champions
14849,23,43,15763.45,4,5,5,45,Loyal_Customers
14769,4,17,15771.88,5,5,5,55,Champions
17716,24,24,15956.97,4,5,5,45,Loyal_Customers
12971,5,116,15972.79,5,5,5,55,Champions
17107,35,10,16075.42,4,5,5,45,Loyal_Customers
18092,4,18,16179.44,5,5,5,55,Champions
14733,18,15,16184.97,5,5,5,55,Champions
15044,21,35,16204.33,5,5,5,55,Champions
12980,159,21,16245.78,3,5,5,35,Loyal_Customers
16180,102,13,16249.87,3,5,5,35,Loyal_Customers
13225,5,16,16260.07,5,5,5,55,Champions
14961,12,22,16410.15,5,5,5,55,Champions
13199,5,67,16432.89,5,5,5,55,Champions
16553,165,33,16644.01,3,5,5,35,Loyal_Customers
12454,58,5,16679.78,4,4,5,44,Loyal_Customers
16656,24,30,16833.17,4,5,5,45,Loyal_Customers
15125,27,24,17024.87,4,5,5,45,Loyal_Customers
15358,6,42,17050.41,5,5,5,55,Champions
14277,17,9,17225.81,5,5,5,55,Champions
17735,4,26,17244.93,5,5,5,55,Champions
13564,146,37,17249.55,3,5,5,35,Loyal_Customers
17416,31,22,17298.45,4,5,5,45,Loyal_Customers
13027,115,19,17335.2,3,5,5,35,Loyal_Customers
15523,86,16,17359.99,3,5,5,35,Loyal_Customers
16019,48,27,17465.85,4,5,5,45,Loyal_Customers
18172,16,52,17479.84,5,5,5,55,Champions
15189,3,46,17524.38,5,5,5,55,Champions
16652,60,16,17550.39,4,5,5,45,Loyal_Customers
14952,61,32,17629.35,3,5,5,35,Loyal_Customers
12901,10,28,17654.54,5,5,5,55,Champions
15078,9,53,17761.88,5,5,5,55,Champions
12472,34,19,17880.59,4,5,5,45,Loyal_Customers
12647,24,36,17924.35,4,5,5,45,Loyal_Customers
16746,6,42,18066.4,5,5,5,55,Champions
12357,35,3,18287.66,4,3,5,43,Potential_Loyalists
17377,25,78,18319.41,4,5,5,45,Loyal_Customers
15808,308,21,18409.93,2,5,5,25,Cant_Loose
13113,2,37,18625.73,5,5,5,55,Champions
14194,6,36,18670.59,5,5,5,55,Champions
12557,18,8,18716.14,5,4,5,54,Champions
17581,2,43,18757.75,5,5,5,55,Champions
16843,44,35,19571.43,4,5,5,45,Loyal_Customers
17139,17,25,19584.46,5,5,5,55,Champions
18008,72,23,19787.13,3,5,5,35,Loyal_Customers
12477,24,9,20276.37,4,5,5,45,Loyal_Customers
15251,11,21,20324.54,5,5,5,55,Champions
12433,2,10,20581.26,5,5,5,55,Champions
17706,6,31,20749.98,5,5,5,55,Champions
14866,12,19,20850.22,5,5,5,55,Champions
17243,3,69,20889.86,5,5,5,55,Champions
15615,12,47,21373.97,5,5,5,55,Champions
12753,24,6,21429.39,4,4,5,44,Loyal_Customers
14667,12,54,21927.14,5,5,5,55,Champions
13319,7,58,22082.5,5,5,5,55,Champions
13340,47,12,22100.56,4,5,5,45,Loyal_Customers
15159,3,34,22116.73,5,5,5,55,Champions
12540,21,33,22254.49,4,5,5,45,Loyal_Customers
16839,10,44,22310.49,5,5,5,55,Champions
17340,31,18,22404.82,4,5,5,45,Loyal_Customers
14051,2,37,22434.0,5,5,5,55,Champions
14063,440,9,22710.2,1,5,5,15,Cant_Loose
16133,5,56,22992.26,5,5,5,55,Champions
12409,80,7,23419.29,3,4,5,34,Loyal_Customers
12482,578,29,23691.4,1,5,5,15,Cant_Loose
15640,6,29,23957.58,5,5,5,55,Champions
12682,5,52,24033.91,5,5,5,55,Champions
14607,17,22,24137.63,5,5,5,55,Champions
13001,6,33,24172.1,5,5,5,55,Champions
17920,6,54,24516.46,5,5,5,55,Champions
16525,4,48,24582.64,5,5,5,55,Champions
12621,3,35,24775.81,5,5,5,55,Champions
14895,9,38,25119.54,5,5,5,55,Champions
12939,66,20,25264.8,3,5,5,35,Loyal_Customers
12744,53,11,25317.06,4,5,5,45,Loyal_Customers
14062,11,24,25604.2,5,5,5,55,Champions
12731,25,17,25775.71,4,5,5,45,Loyal_Customers
15498,4,44,26039.58,5,5,5,55,Champions
13802,140,19,26259.11,3,5,5,35,Loyal_Customers
18251,89,9,26278.86,3,5,5,35,Loyal_Customers
17865,32,46,26374.39,4,5,5,45,Loyal_Customers
16333,9,22,26626.8,5,5,5,55,Champions
15513,35,35,27750.55,4,5,5,45,Loyal_Customers
14527,4,122,27792.3,5,5,5,55,Champions
17857,6,24,28682.24,5,5,5,55,Champions
13098,3,28,28882.44,5,5,5,55,Champions
13078,5,57,29532.45,5,5,5,55,Champions
17940,51,16,30393.19,4,5,5,45,Loyal_Customers
14606,3,192,30861.06,5,5,5,55,Champions
12681,16,45,30868.28,5,5,5,55,Champions
12709,17,34,31093.34,5,5,5,55,Champions
17428,2,45,31819.76,5,5,5,55,Champions
14258,11,25,32051.34,5,5,5,55,Champions
16779,4,53,33268.24,5,5,5,55,Champions
13902,634,5,34095.26,1,4,5,14,At_Risk
15856,6,52,34220.34,5,5,5,55,Champions
12678,44,21,34281.18,4,5,5,45,Loyal_Customers
13767,4,73,35540.53,5,5,5,55,Champions
12921,11,74,35921.04,5,5,5,55,Champions
17677,3,54,36692.91,5,5,5,55,Champions
17675,3,70,38259.6,5,5,5,55,Champions
16210,3,35,38489.51,5,5,5,55,Champions
15098,184,3,39916.5,3,3,5,33,Need_Attention
12471,4,79,39963.79,5,5,5,55,Champions
17381,10,38,40002.37,5,5,5,55,Champions
15039,11,93,40031.43,5,5,5,55,Champions
14031,9,44,40999.17,5,5,5,55,Champions
16705,2,42,43515.05,5,5,5,55,Champions
15749,237,3,44534.3,2,3,5,23,At_Risk
13881,5,43,45179.1,5,5,5,55,Champions
17404,6,23,47781.12,5,5,5,55,Champions
13408,3,106,51733.46,5,5,5,55,Champions
13093,277,55,54943.65,2,5,5,25,Cant_Loose
13777,2,61,56478.42,5,5,5,55,Champions
12748,2,336,56599.39,5,5,5,55,Champions
17850,374,155,56600.08,2,5,5,25,Cant_Loose
17389,2,61,57224.68,5,5,5,55,Champions
14680,27,58,57412.77,4,5,5,45,Loyal_Customers
16013,5,84,57446.44,5,5,5,55,Champions
13081,13,28,59205.15,5,5,5,55,Champions
16422,19,109,63651.47,5,5,5,55,Champions
14088,12,16,64036.8,5,5,5,55,Champions
14096,6,17,65164.79,5,5,5,55,Champions
16754,374,29,67502.47,2,5,5,25,Cant_Loose
17841,3,211,70884.07,5,5,5,55,Champions
15838,13,34,74163.0,5,5,5,55,Champions
13798,3,110,75836.87,5,5,5,55,Champions
12346,327,12,77556.46,2,5,5,25,Cant_Loose
15769,9,46,88704.32,5,5,5,55,Champions
14298,10,82,91194.49,5,5,5,55,Champions
12931,23,57,92347.34,4,5,5,45,Loyal_Customers
13089,4,203,116737.86,5,5,5,55,Champions
15311,2,208,116771.16,5,5,5,55,Champions
17949,3,118,118628.08,5,5,5,55,Champions
16029,40,107,122209.14,4,5,5,45,Loyal_Customers
15061,5,127,137818.52,5,5,5,55,Champions
12415,26,28,144458.37,4,5,5,45,Loyal_Customers
16684,6,55,147142.77,5,5,5,55,Champions
16446,2,2,168472.5,5,3,5,53,Potential_Loyalists
17511,4,60,175603.55,5,5,5,55,Champions
13694,5,143,196482.81,5,5,5,55,Champions
17450,10,51,246973.09,5,5,5,55,Champions
14911,3,398,295972.63,5,5,5,55,Champions
14156,11,156,313946.37,5,5,5,55,Champions
14646,3,151,528602.52,5,5,5,55,Champions
18102,2,145,608821.65,5,5,5,55,Champions
